index,mcs
0,344.1
1,344.1
2,344.1
3,344.1
4,344.1
5,344.1
6,344.1
7,344.1
8,344.1
9,309.7
10,344.1
11,344.1
12,344.1
13,344.1
14,309.7
15,344.1
16,344.1
17,344.1
18,344.1
19,344.1
20,309.7
21,309.7
22,412.9
23,344.1
24,309.7
25,344.1
26,309.7
27,344.1
28,344.1
29,344.1
30,309.7
31,344.1
32,309.7
33,412.9
34,344.1
35,344.1
36,344.1
37,344.1
38,344.1
39,344.1
40,344.1
41,344.1
42,309.7
43,344.1
44,344.1
45,344.1
46,344.1
47,344.1
48,344.1
49,344.1
50,344.1
51,344.1
52,344.1
53,344.1
54,344.1
55,344.1
56,344.1
57,344.1
58,309.7
59,344.1
60,344.1
61,344.1
62,344.1
63,275.3
64,275.3
65,344.1
66,309.7
67,309.7
68,309.7
69,309.7
70,309.7
71,309.7
72,309.7
73,309.7
74,275.3
75,309.7
76,309.7
77,309.7
78,275.3
79,275.3
80,344.1
81,309.7
82,275.3
83,309.7
84,309.7
85,309.7
86,309.7
87,309.7
88,275.3
89,309.7
90,309.7
91,275.3
92,309.7
93,309.7
94,344.1
95,309.7
96,344.1
97,344.1
98,309.7
99,309.7
100,309.7
101,309.7
102,275.3
103,309.7
104,309.7
105,344.1
106,344.1
107,344.1
108,309.7
109,309.7
110,275.3
111,309.7
112,309.7
113,309.7
114,275.3
115,309.7
116,309.7
117,275.3
118,309.7
119,275.3
120,309.7
121,344.1
122,344.1
123,275.3
124,309.7
125,309.7
126,309.7
127,309.7
128,275.3
129,309.7
130,275.3
131,275.3
132,309.7
133,275.3
134,275.3
135,309.7
136,275.3
137,309.7
138,275.3
139,275.3
140,275.3
141,309.7
142,309.7
143,309.7
144,275.3
145,275.3
146,275.3
147,275.3
148,275.3
149,309.7
150,275.3
151,275.3
152,275.3
153,275.3
154,275.3
155,275.3
156,275.3
157,275.3
158,309.7
159,275.3
160,275.3
161,275.3
162,275.3
163,344.1
164,275.3
165,275.3
166,275.3
167,275.3
168,309.7
169,309.7
170,275.3
171,275.3
172,275.3
173,275.3
174,309.7
175,275.3
176,344.1
177,309.7
178,309.7
179,309.7
180,275.3
181,309.7
182,275.3
183,275.3
184,275.3
185,309.7
186,275.3
187,275.3
188,275.3
189,275.3
190,309.7
191,275.3
192,309.7
193,275.3
194,275.3
195,344.1
196,275.3
197,309.7
198,275.3
199,275.3
200,275.3
201,275.3
202,309.7
203,275.3
204,275.3
205,309.7
206,275.3
207,275.3
208,275.3
209,275.3
210,344.1
211,275.3
212,206.5
213,309.7
214,309.7
215,275.3
216,309.7
217,275.3
218,309.7
219,309.7
220,309.7
221,309.7
222,275.3
223,275.3
224,275.3
225,344.1
226,275.3
227,309.7
228,309.7
229,275.3
230,275.3
231,206.5
232,275.3
233,206.5
234,275.3
235,275.3
236,275.3
237,206.5
238,275.3
239,275.3
240,206.5
241,206.5
242,275.3
243,275.3
244,275.3
245,206.5
246,275.3
247,206.5
248,206.5
249,275.3
250,206.5
251,275.3
252,275.3
253,275.3
254,206.5
255,309.7
256,275.3
257,275.3
258,275.3
259,206.5
260,275.3
261,275.3
262,206.5
263,206.5
264,206.5
265,206.5
266,206.5
267,275.3
268,275.3
269,275.3
270,206.5
271,275.3
272,275.3
273,309.7
274,206.5
275,275.3
276,206.5
277,275.3
278,275.3
279,206.5
280,206.5
281,275.3
282,275.3
283,275.3
284,206.5
285,275.3
286,275.3
287,275.3
288,309.7
289,206.5
290,275.3
291,275.3
292,275.3
293,275.3
294,275.3
295,275.3
296,275.3
297,275.3
298,275.3
299,206.5
300,275.3
301,275.3
302,275.3
303,275.3
304,275.3
305,275.3
306,275.3
307,275.3
308,275.3
309,275.3
310,206.5
311,275.3
312,275.3
313,206.5
314,275.3
315,275.3
316,275.3
317,206.5
318,275.3
319,275.3
320,275.3
321,275.3
322,275.3
323,275.3
324,275.3
325,275.3
326,206.5
327,275.3
328,275.3
329,275.3
330,206.5
331,206.5
332,275.3
333,206.5
334,275.3
335,275.3
336,275.3
337,275.3
338,206.5
339,309.7
340,275.3
341,275.3
342,275.3
343,275.3
344,206.5
345,275.3
346,275.3
347,275.3
348,206.5
349,275.3
350,206.5
351,206.5
352,275.3
353,275.3
354,206.5
355,206.5
356,275.3
357,206.5
358,275.3
359,275.3
360,275.3
361,275.3
362,275.3
363,275.3
364,206.5
365,206.5
366,206.5
367,275.3
368,275.3
369,206.5
370,275.3
371,275.3
372,275.3
373,275.3
374,275.3
375,206.5
376,275.3
377,275.3
378,275.3
379,275.3
380,275.3
381,275.3
382,275.3
383,206.5
384,275.3
385,275.3
386,275.3
387,275.3
388,275.3
389,275.3
390,275.3
391,275.3
392,275.3
393,309.7
394,275.3
395,275.3
396,275.3
397,275.3
398,309.7
399,275.3
400,275.3
401,275.3
402,309.7
403,275.3
404,275.3
405,309.7
406,275.3
407,275.3
408,275.3
409,275.3
410,275.3
411,275.3
412,275.3
413,275.3
414,275.3
415,275.3
416,206.5
417,206.5
418,275.3
419,206.5
420,275.3
421,275.3
422,275.3
423,275.3
424,275.3
425,275.3
426,309.7
427,275.3
428,275.3
429,309.7
430,206.5
431,344.1
432,275.3
433,206.5
434,275.3
435,206.5
436,344.1
437,412.9
438,344.1
439,344.1
440,344.1
441,412.9
442,412.9
443,344.1
444,344.1
445,344.1
446,344.1
447,344.1
448,344.1
449,344.1
450,344.1
451,344.1
452,412.9
453,309.7
454,412.9
455,344.1
456,412.9
457,344.1
458,344.1
459,344.1
460,344.1
461,344.1
462,344.1
463,344.1
464,344.1
465,412.9
466,344.1
467,344.1
468,344.1
469,344.1
470,344.1
471,344.1
472,344.1
473,344.1
474,344.1
475,344.1
476,412.9
477,344.1
478,344.1
479,412.9
480,344.1
481,412.9
482,412.9
483,344.1
484,412.9
485,344.1
486,344.1
487,412.9
488,344.1
489,309.7
490,344.1
491,344.1
492,412.9
493,344.1
494,344.1
495,412.9
496,344.1
497,344.1
498,344.1
499,412.9
500,344.1
501,344.1
502,344.1
503,344.1
504,412.9
505,344.1
506,344.1
507,309.7
508,344.1
509,412.9
510,412.9
511,458.8
512,458.8
513,458.8
514,412.9
515,458.8
516,458.8
517,458.8
518,458.8
519,458.8
520,458.8
521,458.8
522,458.8
523,458.8
524,458.8
525,458.8
526,458.8
527,458.8
528,458.8
529,458.8
530,458.8
531,458.8
532,458.8
533,412.9
534,412.9
535,458.8
536,458.8
537,458.8
538,458.8
539,458.8
540,458.8
541,458.8
542,458.8
543,458.8
544,458.8
545,458.8
546,458.8
547,458.8
548,458.8
549,458.8
550,458.8
551,458.8
552,458.8
553,458.8
554,458.8
555,458.8
556,458.8
557,458.8
558,458.8
559,458.8
560,458.8
561,458.8
562,458.8
563,458.8
564,458.8
565,458.8
566,458.8
567,458.8
568,458.8
569,458.8
570,458.8
571,458.8
572,458.8
573,458.8
574,458.8
575,458.8
576,458.8
577,412.9
578,458.8
579,458.8
580,458.8
581,458.8
582,516.2
583,458.8
584,516.2
585,458.8
586,458.8
587,458.8
588,458.8
589,516.2
590,516.2
591,458.8
592,516.2
593,516.2
594,458.8
595,458.8
596,516.2
597,516.2
598,516.2
599,458.8
600,458.8
601,516.2
602,516.2
603,516.2
604,458.8
605,458.8
606,516.2
607,516.2
608,516.2
609,516.2
610,458.8
611,516.2
612,516.2
613,458.8
614,516.2
615,458.8
616,516.2
617,458.8
618,516.2
619,516.2
620,458.8
621,458.8
622,516.2
623,516.2
624,516.2
625,516.2
626,516.2
627,458.8
628,516.2
629,458.8
630,516.2
631,458.8
632,516.2
633,458.8
634,516.2
635,458.8
636,516.2
637,458.8
638,516.2
639,516.2
640,516.2
641,516.2
642,516.2
643,458.8
644,516.2
645,458.8
646,458.8
647,458.8
648,458.8
649,458.8
650,458.8
651,458.8
652,458.8
653,458.8
654,458.8
655,458.8
656,458.8
657,458.8
658,458.8
659,458.8
660,458.8
661,458.8
662,458.8
663,458.8
664,458.8
665,458.8
666,458.8
667,458.8
668,458.8
669,458.8
670,458.8
671,458.8
672,458.8
673,458.8
674,458.8
675,458.8
676,458.8
677,458.8
678,458.8
679,458.8
680,458.8
681,458.8
682,458.8
683,458.8
684,458.8
685,458.8
686,458.8
687,458.8
688,458.8
689,458.8
690,458.8
691,458.8
692,458.8
693,458.8
694,458.8
695,458.8
696,458.8
697,458.8
698,458.8
699,458.8
700,458.8
701,458.8
702,458.8
703,458.8
704,458.8
705,458.8
706,458.8
707,458.8
708,458.8
709,458.8
710,458.8
711,458.8
712,458.8
713,458.8
714,412.9
715,458.8
716,412.9
717,412.9
718,458.8
719,344.1
720,412.9
721,344.1
722,412.9
723,344.1
724,344.1
725,344.1
726,412.9
727,412.9
728,344.1
729,412.9
730,458.8
731,458.8
732,412.9
733,412.9
734,458.8
735,412.9
736,412.9
737,412.9
738,458.8
739,458.8
740,344.1
741,412.9
742,412.9
743,412.9
744,412.9
745,344.1
746,412.9
747,412.9
748,412.9
749,412.9
750,344.1
751,412.9
752,412.9
753,412.9
754,412.9
755,412.9
756,412.9
757,458.8
758,344.1
759,412.9
760,412.9
761,412.9
762,412.9
763,458.8
764,412.9
765,412.9
766,412.9
767,412.9
768,412.9
769,412.9
770,412.9
771,412.9
772,344.1
773,412.9
774,458.8
775,412.9
776,458.8
777,344.1
778,344.1
779,344.1
780,344.1
781,344.1
782,344.1
783,344.1
784,344.1
785,344.1
786,344.1
787,344.1
788,344.1
789,344.1
790,344.1
791,344.1
792,344.1
793,344.1
794,344.1
795,344.1
796,344.1
797,344.1
798,344.1
799,344.1
800,344.1
801,344.1
802,344.1
803,344.1
804,344.1
805,344.1
806,344.1
807,344.1
808,344.1
809,344.1
810,344.1
811,344.1
812,344.1
813,344.1
814,344.1
815,344.1
816,344.1
817,344.1
818,344.1
819,344.1
820,412.9
821,344.1
822,344.1
823,344.1
824,344.1
825,344.1
826,344.1
827,344.1
828,344.1
829,344.1
830,344.1
831,344.1
832,344.1
833,344.1
834,344.1
835,344.1
836,412.9
837,344.1
838,344.1
839,412.9
840,344.1
841,344.1
842,344.1
843,344.1
844,344.1
845,344.1
846,344.1
847,344.1
848,344.1
849,344.1
850,344.1
851,344.1
852,309.7
853,309.7
854,344.1
855,344.1
856,344.1
857,275.3
858,344.1
859,309.7
860,309.7
861,309.7
862,344.1
863,344.1
864,344.1
865,309.7
866,309.7
867,309.7
868,344.1
869,344.1
870,344.1
871,309.7
872,309.7
873,344.1
874,309.7
875,309.7
876,309.7
877,344.1
878,309.7
879,309.7
880,309.7
881,275.3
882,344.1
883,344.1
884,344.1
885,344.1
886,344.1
887,344.1
888,344.1
889,309.7
890,309.7
891,344.1
892,309.7
893,309.7
894,344.1
895,309.7
896,309.7
897,309.7
898,309.7
899,309.7
900,309.7
901,309.7
902,309.7
903,309.7
904,309.7
905,344.1
906,309.7
907,309.7
908,309.7
909,309.7
910,309.7
911,309.7
912,309.7
913,275.3
914,275.3
915,275.3
916,275.3
917,206.5
918,309.7
919,309.7
920,275.3
921,275.3
922,309.7
923,275.3
924,275.3
925,309.7
926,275.3
927,275.3
928,275.3
929,309.7
930,275.3
931,275.3
932,275.3
933,275.3
934,275.3
935,309.7
936,206.5
937,206.5
938,206.5
939,275.3
940,275.3
941,206.5
942,275.3
943,206.5
944,309.7
945,275.3
946,275.3
947,275.3
948,206.5
949,309.7
950,206.5
951,275.3
952,275.3
953,275.3
954,275.3
955,275.3
956,275.3
957,275.3
958,206.5
959,309.7
960,309.7
961,309.7
962,275.3
963,309.7
964,275.3
965,309.7
966,206.5
967,275.3
968,275.3
969,206.5
970,275.3
971,275.3
972,275.3
973,206.5
974,206.5
975,206.5
976,275.3
977,206.5
978,309.7
979,344.1
980,309.7
981,309.7
982,309.7
983,309.7
984,309.7
985,309.7
986,309.7
987,309.7
988,275.3
989,309.7
990,275.3
991,309.7
992,309.7
993,344.1
994,309.7
995,309.7
996,309.7
997,309.7
998,309.7
999,275.3
1000,309.7
1001,309.7
1002,309.7
1003,309.7
1004,309.7
1005,309.7
1006,309.7
1007,275.3
1008,309.7
1009,309.7
1010,309.7
1011,275.3
1012,275.3
1013,309.7
1014,309.7
1015,309.7
1016,309.7
1017,309.7
1018,275.3
1019,275.3
1020,344.1
1021,309.7
1022,309.7
1023,275.3
1024,309.7
1025,309.7
1026,275.3
1027,309.7
1028,275.3
1029,206.5
1030,309.7
1031,309.7
1032,275.3
1033,309.7
1034,309.7
1035,309.7
1036,309.7
1037,309.7
1038,309.7
1039,309.7
1040,206.5
1041,206.5
1042,309.7
1043,275.3
1044,309.7
1045,309.7
1046,275.3
1047,275.3
1048,275.3
1049,275.3
1050,275.3
1051,275.3
1052,275.3
1053,275.3
1054,275.3
1055,206.5
1056,344.1
1057,275.3
1058,275.3
1059,206.5
1060,275.3
1061,275.3
1062,275.3
1063,206.5
1064,275.3
1065,206.5
1066,206.5
1067,275.3
1068,206.5
1069,275.3
1070,309.7
1071,275.3
1072,309.7
1073,275.3
1074,275.3
1075,275.3
1076,275.3
1077,275.3
1078,275.3
1079,206.5
1080,275.3
1081,275.3
1082,275.3
1083,309.7
1084,309.7
1085,206.5
1086,275.3
1087,206.5
1088,206.5
1089,275.3
1090,275.3
1091,309.7
1092,275.3
1093,275.3
1094,275.3
1095,275.3
1096,275.3
1097,275.3
1098,309.7
1099,275.3
1100,275.3
1101,309.7
1102,275.3
1103,206.5
1104,275.3
1105,275.3
1106,275.3
1107,275.3
1108,275.3
1109,275.3
1110,275.3
1111,275.3
1112,275.3
1113,275.3
1114,275.3
1115,275.3
1116,275.3
1117,275.3
1118,275.3
1119,275.3
1120,206.5
1121,275.3
1122,275.3
1123,275.3
1124,275.3
1125,275.3
1126,275.3
1127,275.3
1128,275.3
1129,275.3
1130,275.3
1131,275.3
1132,275.3
1133,275.3
1134,275.3
1135,275.3
1136,275.3
1137,275.3
1138,275.3
1139,275.3
1140,309.7
1141,206.5
1142,206.5
1143,206.5
1144,275.3
1145,275.3
1146,275.3
1147,206.5
1148,275.3
1149,206.5
1150,275.3
1151,206.5
1152,275.3
1153,275.3
1154,275.3
1155,275.3
1156,206.5
1157,206.5
1158,275.3
1159,275.3
1160,206.5
1161,275.3
1162,309.7
1163,275.3
1164,275.3
1165,275.3
1166,206.5
1167,275.3
1168,309.7
1169,309.7
1170,309.7
1171,275.3
1172,275.3
1173,275.3
1174,275.3
1175,275.3
1176,275.3
1177,309.7
1178,275.3
1179,275.3
1180,275.3
1181,206.5
1182,206.5
1183,275.3
1184,206.5
1185,275.3
1186,275.3
1187,275.3
1188,309.7
1189,309.7
1190,275.3
1191,275.3
1192,206.5
1193,275.3
1194,275.3
1195,206.5
1196,206.5
1197,206.5
1198,275.3
1199,275.3
1200,275.3
1201,275.3
1202,206.5
1203,275.3
1204,275.3
1205,275.3
1206,309.7
1207,275.3
1208,275.3
1209,275.3
1210,309.7
1211,275.3
1212,309.7
1213,309.7
1214,309.7
1215,275.3
1216,309.7
1217,309.7
1218,275.3
1219,275.3
1220,309.7
1221,275.3
1222,275.3
1223,309.7
1224,309.7
1225,309.7
1226,275.3
1227,275.3
1228,275.3
1229,275.3
1230,275.3
1231,275.3
1232,275.3
1233,275.3
1234,275.3
1235,275.3
1236,275.3
1237,309.7
1238,275.3
1239,275.3
1240,309.7
1241,309.7
1242,275.3
1243,275.3
1244,206.5
1245,275.3
1246,309.7
1247,309.7
1248,275.3
1249,275.3
1250,275.3
1251,275.3
1252,206.5
1253,206.5
1254,206.5
1255,206.5
1256,275.3
1257,275.3
1258,275.3
1259,275.3
1260,309.7
1261,275.3
1262,275.3
1263,275.3
1264,309.7
1265,309.7
1266,309.7
1267,275.3
1268,275.3
1269,275.3
1270,309.7
1271,344.1
1272,344.1
1273,344.1
1274,344.1
1275,344.1
1276,309.7
1277,309.7
1278,344.1
1279,344.1
1280,344.1
1281,344.1
1282,344.1
1283,344.1
1284,344.1
1285,344.1
1286,344.1
1287,344.1
1288,344.1
1289,344.1
1290,344.1
1291,344.1
1292,344.1
1293,344.1
1294,344.1
1295,344.1
1296,344.1
1297,344.1
1298,309.7
1299,344.1
1300,309.7
1301,309.7
1302,309.7
1303,309.7
1304,344.1
1305,344.1
1306,309.7
1307,344.1
1308,344.1
1309,344.1
1310,344.1
1311,344.1
1312,344.1
1313,344.1
1314,344.1
1315,344.1
1316,344.1
1317,344.1
1318,344.1
1319,344.1
1320,309.7
1321,309.7
1322,344.1
1323,344.1
1324,344.1
1325,344.1
1326,344.1
1327,344.1
1328,309.7
1329,309.7
1330,344.1
1331,344.1
1332,344.1
1333,344.1
1334,412.9
1335,344.1
1336,344.1
1337,344.1
1338,344.1
1339,344.1
1340,344.1
1341,344.1
1342,344.1
1343,309.7
1344,344.1
1345,344.1
1346,344.1
1347,344.1
1348,344.1
1349,275.3
1350,412.9
1351,309.7
1352,309.7
1353,344.1
1354,344.1
1355,344.1
1356,344.1
1357,344.1
1358,458.8
1359,458.8
1360,458.8
1361,458.8
1362,458.8
1363,458.8
1364,458.8
1365,458.8
1366,458.8
1367,458.8
1368,458.8
1369,458.8
1370,458.8
1371,516.2
1372,458.8
1373,458.8
1374,458.8
1375,458.8
1376,458.8
1377,458.8
1378,458.8
1379,458.8
1380,458.8
1381,458.8
1382,458.8
1383,458.8
1384,458.8
1385,458.8
1386,458.8
1387,458.8
1388,458.8
1389,458.8
1390,458.8
1391,458.8
1392,458.8
1393,458.8
1394,458.8
1395,458.8
1396,458.8
1397,458.8
1398,458.8
1399,458.8
1400,458.8
1401,458.8
1402,458.8
1403,458.8
1404,458.8
1405,458.8
1406,458.8
1407,458.8
1408,458.8
1409,458.8
1410,516.2
1411,458.8
1412,458.8
1413,458.8
1414,458.8
1415,458.8
1416,458.8
1417,458.8
1418,516.2
1419,458.8
1420,458.8
1421,458.8
1422,458.8
1423,458.8
1424,516.2
1425,458.8
1426,458.8
1427,458.8
1428,458.8
1429,458.8
1430,458.8
1431,516.2
1432,458.8
1433,458.8
1434,458.8
1435,458.8
1436,458.8
1437,458.8
1438,458.8
1439,458.8
1440,458.8
1441,458.8
1442,458.8
1443,458.8
1444,458.8
1445,458.8
1446,458.8
1447,458.8
1448,458.8
1449,458.8
1450,458.8
1451,458.8
1452,458.8
1453,458.8
1454,458.8
1455,458.8
1456,458.8
1457,458.8
1458,458.8
1459,458.8
1460,458.8
1461,458.8
1462,458.8
1463,458.8
1464,458.8
1465,458.8
1466,458.8
1467,458.8
1468,458.8
1469,458.8
1470,458.8
1471,458.8
1472,458.8
1473,458.8
1474,458.8
1475,458.8
1476,458.8
1477,458.8
1478,458.8
1479,458.8
1480,458.8
1481,458.8
1482,458.8
1483,458.8
1484,458.8
1485,458.8
1486,458.8
1487,458.8
1488,458.8
1489,458.8
1490,458.8
1491,458.8
1492,458.8
1493,458.8
1494,458.8
1495,458.8
1496,458.8
1497,458.8
1498,458.8
1499,458.8
1500,458.8
1501,458.8
1502,458.8
1503,458.8
1504,458.8
1505,458.8
1506,458.8
1507,458.8
1508,458.8
1509,458.8
1510,458.8
1511,458.8
1512,458.8
1513,458.8
1514,458.8
1515,458.8
1516,458.8
1517,458.8
1518,458.8
1519,458.8
1520,412.9
1521,412.9
1522,309.7
1523,412.9
1524,412.9
1525,412.9
1526,344.1
1527,412.9
1528,412.9
1529,412.9
1530,412.9
1531,412.9
1532,412.9
1533,412.9
1534,412.9
1535,412.9
1536,412.9
1537,412.9
1538,309.7
1539,344.1
1540,412.9
1541,412.9
1542,309.7
1543,309.7
1544,412.9
1545,344.1
1546,309.7
1547,344.1
1548,309.7
1549,309.7
1550,275.3
1551,344.1
1552,344.1
1553,344.1
1554,412.9
1555,309.7
1556,309.7
1557,412.9
1558,412.9
1559,412.9
1560,412.9
1561,412.9
1562,344.1
1563,309.7
1564,309.7
1565,275.3
1566,309.7
1567,412.9
1568,412.9
1569,412.9
1570,412.9
1571,412.9
1572,275.3
1573,275.3
1574,309.7
1575,344.1
1576,309.7
1577,309.7
1578,309.7
1579,309.7
1580,412.9
1581,309.7
1582,412.9
1583,412.9
1584,344.1
1585,412.9
1586,412.9
1587,412.9
1588,412.9
1589,309.7
1590,412.9
1591,412.9
1592,412.9
1593,412.9
1594,412.9
1595,412.9
1596,412.9
1597,309.7
1598,412.9
1599,412.9
1600,344.1
1601,412.9
1602,344.1
1603,344.1
1604,275.3
1605,309.7
1606,309.7
1607,412.9
1608,344.1
1609,344.1
1610,412.9
1611,412.9
1612,412.9
1613,412.9
1614,344.1
1615,275.3
1616,412.9
1617,412.9
1618,309.7
1619,412.9
1620,412.9
1621,309.7
1622,412.9
1623,412.9
1624,412.9
1625,412.9
1626,275.3
1627,412.9
1628,309.7
1629,412.9
1630,412.9
1631,275.3
1632,412.9
1633,344.1
1634,309.7
1635,344.1
1636,309.7
1637,309.7
1638,309.7
1639,309.7
1640,344.1
1641,309.7
1642,309.7
1643,309.7
1644,412.9
1645,412.9
1646,412.9
1647,412.9
1648,412.9
1649,309.7
1650,412.9
1651,309.7
1652,412.9
1653,309.7
1654,309.7
1655,344.1
1656,275.3
1657,344.1
1658,309.7
1659,344.1
1660,412.9
1661,412.9
1662,412.9
1663,309.7
1664,412.9
1665,412.9
1666,412.9
1667,344.1
1668,412.9
1669,344.1
1670,275.3
1671,309.7
1672,344.1
1673,412.9
1674,412.9
1675,344.1
1676,344.1
1677,412.9
1678,344.1
1679,344.1
1680,412.9
1681,344.1
1682,412.9
1683,412.9
1684,344.1
1685,412.9
1686,412.9
1687,344.1
1688,344.1
1689,412.9
1690,412.9
1691,344.1
1692,412.9
1693,344.1
1694,344.1
1695,344.1
1696,412.9
1697,344.1
1698,412.9
1699,344.1
1700,344.1
1701,344.1
1702,344.1
1703,344.1
1704,344.1
1705,344.1
1706,344.1
1707,344.1
1708,344.1
1709,344.1
1710,344.1
1711,344.1
1712,344.1
1713,344.1
1714,344.1
1715,344.1
1716,412.9
1717,412.9
1718,344.1
1719,344.1
1720,412.9
1721,412.9
1722,412.9
1723,412.9
1724,412.9
1725,344.1
1726,344.1
1727,344.1
1728,344.1
1729,344.1
1730,344.1
1731,344.1
1732,344.1
1733,412.9
1734,344.1
1735,344.1
1736,412.9
1737,412.9
1738,344.1
1739,275.3
1740,275.3
1741,275.3
1742,275.3
1743,275.3
1744,275.3
1745,275.3
1746,275.3
1747,275.3
1748,275.3
1749,275.3
1750,275.3
1751,275.3
1752,275.3
1753,275.3
1754,275.3
1755,275.3
1756,309.7
1757,275.3
1758,309.7
1759,275.3
1760,309.7
1761,309.7
1762,275.3
1763,275.3
1764,275.3
1765,275.3
1766,206.5
1767,275.3
1768,275.3
1769,275.3
1770,275.3
1771,275.3
1772,275.3
1773,309.7
1774,309.7
1775,275.3
1776,309.7
1777,275.3
1778,275.3
1779,275.3
1780,275.3
1781,309.7
1782,275.3
1783,275.3
1784,309.7
1785,275.3
1786,206.5
1787,275.3
1788,206.5
1789,206.5
1790,206.5
1791,206.5
1792,206.5
1793,275.3
1794,206.5
1795,275.3
1796,206.5
1797,206.5
1798,275.3
1799,275.3
1800,275.3
1801,206.5
1802,275.3
1803,309.7
1804,309.7
1805,275.3
1806,275.3
1807,206.5
1808,275.3
1809,275.3
1810,275.3
1811,206.5
1812,275.3
1813,275.3
1814,275.3
1815,309.7
1816,275.3
1817,206.5
1818,309.7
1819,275.3
1820,309.7
1821,275.3
1822,309.7
1823,275.3
1824,206.5
1825,275.3
1826,206.5
1827,275.3
1828,275.3
1829,275.3
1830,275.3
1831,206.5
1832,275.3
1833,206.5
1834,206.5
1835,275.3
1836,206.5
1837,275.3
1838,309.7
1839,309.7
1840,206.5
1841,275.3
1842,275.3
1843,275.3
1844,275.3
1845,206.5
1846,206.5
1847,275.3
1848,275.3
1849,275.3
1850,275.3
1851,206.5
1852,275.3
1853,275.3
1854,275.3
1855,206.5
1856,275.3
1857,275.3
1858,275.3
1859,206.5
1860,275.3
1861,206.5
1862,275.3
1863,275.3
1864,206.5
1865,206.5
1866,275.3
1867,275.3
1868,275.3
1869,206.5
1870,206.5
1871,206.5
1872,275.3
1873,206.5
1874,275.3
1875,275.3
1876,275.3
1877,206.5
1878,275.3
1879,206.5
1880,206.5
1881,275.3
1882,275.3
1883,206.5
1884,206.5
1885,206.5
1886,206.5
1887,206.5
1888,275.3
1889,275.3
1890,275.3
1891,275.3
1892,275.3
1893,206.5
1894,206.5
1895,275.3
1896,275.3
1897,206.5
1898,309.7
1899,275.3
1900,206.5
1901,206.5
1902,206.5
1903,206.5
1904,206.5
1905,206.5
1906,206.5
1907,275.3
1908,275.3
1909,206.5
1910,275.3
1911,206.5
1912,275.3
1913,275.3
1914,275.3
1915,206.5
1916,206.5
1917,206.5
1918,206.5
1919,206.5
1920,206.5
1921,206.5
1922,275.3
1923,206.5
1924,275.3
1925,275.3
1926,275.3
1927,275.3
1928,206.5
1929,275.3
1930,344.1
1931,206.5
1932,275.3
1933,206.5
1934,275.3
1935,206.5
1936,206.5
1937,206.5
1938,206.5
1939,206.5
1940,206.5
1941,206.5
1942,206.5
1943,206.5
1944,206.5
1945,275.3
1946,206.5
1947,275.3
1948,275.3
1949,206.5
1950,206.5
1951,206.5
1952,275.3
1953,206.5
1954,206.5
1955,206.5
1956,206.5
1957,275.3
1958,275.3
1959,275.3
1960,206.5
1961,275.3
1962,275.3
1963,275.3
1964,275.3
1965,275.3
1966,275.3
1967,275.3
1968,275.3
1969,275.3
1970,275.3
1971,275.3
1972,275.3
1973,275.3
1974,275.3
1975,275.3
1976,275.3
1977,275.3
1978,275.3
1979,275.3
1980,275.3
1981,275.3
1982,275.3
1983,275.3
1984,275.3
1985,275.3
1986,275.3
1987,275.3
1988,275.3
1989,275.3
1990,275.3
1991,275.3
1992,275.3
1993,275.3
1994,275.3
1995,275.3
1996,275.3
1997,275.3
1998,275.3
1999,275.3
2000,275.3
2001,275.3
2002,275.3
2003,275.3
2004,275.3
2005,275.3
2006,275.3
2007,275.3
2008,275.3
2009,275.3
2010,275.3
2011,275.3
2012,275.3
2013,275.3
2014,275.3
2015,275.3
2016,275.3
2017,275.3
2018,275.3
2019,275.3
2020,275.3
2021,206.5
2022,275.3
2023,275.3
2024,275.3
2025,275.3
2026,275.3
2027,275.3
2028,275.3
2029,275.3
2030,206.5
2031,275.3
2032,275.3
2033,275.3
2034,275.3
2035,275.3
2036,275.3
2037,275.3
2038,275.3
2039,275.3
2040,206.5
2041,275.3
2042,206.5
2043,275.3
2044,275.3
2045,275.3
2046,275.3
2047,275.3
2048,275.3
2049,275.3
2050,275.3
2051,275.3
2052,275.3
2053,275.3
2054,275.3
2055,275.3
2056,275.3
2057,275.3
2058,275.3
2059,275.3
2060,275.3
2061,206.5
2062,206.5
2063,275.3
2064,206.5
2065,275.3
2066,275.3
2067,275.3
2068,206.5
2069,275.3
2070,275.3
2071,275.3
2072,275.3
2073,275.3
2074,206.5
2075,275.3
2076,206.5
2077,275.3
2078,275.3
2079,206.5
2080,275.3
2081,275.3
2082,206.5
2083,206.5
2084,275.3
2085,206.5
2086,206.5
2087,206.5
2088,275.3
2089,275.3
2090,275.3
2091,206.5
2092,275.3
2093,206.5
2094,275.3
2095,206.5
2096,206.5
2097,275.3
2098,275.3
2099,275.3
2100,275.3
2101,275.3
2102,206.5
2103,206.5
2104,275.3
2105,275.3
2106,206.5
2107,275.3
2108,275.3
2109,275.3
2110,206.5
2111,275.3
2112,206.5
2113,275.3
2114,275.3
2115,275.3
2116,275.3
2117,275.3
2118,275.3
2119,275.3
2120,206.5
2121,206.5
2122,206.5
2123,206.5
2124,275.3
2125,275.3
2126,275.3
2127,275.3
2128,275.3
2129,275.3
2130,206.5
2131,309.7
2132,344.1
2133,344.1
2134,344.1
2135,344.1
2136,344.1
2137,344.1
2138,344.1
2139,344.1
2140,344.1
2141,344.1
2142,344.1
2143,344.1
2144,344.1
2145,344.1
2146,344.1
2147,344.1
2148,344.1
2149,344.1
2150,309.7
2151,344.1
2152,344.1
2153,344.1
2154,344.1
2155,344.1
2156,412.9
2157,344.1
2158,344.1
2159,344.1
2160,344.1
2161,344.1
2162,344.1
2163,344.1
2164,344.1
2165,344.1
2166,344.1
2167,344.1
2168,344.1
2169,344.1
2170,344.1
2171,344.1
2172,344.1
2173,344.1
2174,344.1
2175,344.1
2176,344.1
2177,344.1
2178,344.1
2179,344.1
2180,344.1
2181,344.1
2182,344.1
2183,344.1
2184,344.1
2185,344.1
2186,344.1
2187,344.1
2188,344.1
2189,344.1
2190,344.1
2191,344.1
2192,344.1
2193,344.1
2194,344.1
2195,344.1
2196,344.1
2197,344.1
2198,344.1
2199,344.1
2200,344.1
2201,344.1
2202,344.1
2203,344.1
2204,344.1
2205,344.1
2206,344.1
2207,344.1
2208,344.1
2209,344.1
2210,344.1
2211,344.1
2212,344.1
2213,344.1
2214,344.1
2215,344.1
2216,344.1
2217,344.1
2218,344.1
2219,344.1
2220,344.1
2221,344.1
2222,344.1
2223,344.1
2224,344.1
2225,344.1
2226,344.1
2227,344.1
2228,344.1
2229,344.1
2230,344.1
2231,344.1
2232,344.1
2233,344.1
2234,344.1
2235,344.1
2236,344.1
2237,344.1
2238,344.1
2239,344.1
2240,412.9
2241,344.1
2242,344.1
2243,344.1
2244,344.1
2245,344.1
2246,344.1
2247,344.1
2248,344.1
2249,344.1
2250,344.1
2251,344.1
2252,344.1
2253,344.1
2254,458.8
2255,458.8
2256,458.8
2257,458.8
2258,458.8
2259,458.8
2260,458.8
2261,458.8
2262,458.8
2263,458.8
2264,458.8
2265,516.2
2266,458.8
2267,458.8
2268,458.8
2269,458.8
2270,458.8
2271,458.8
2272,458.8
2273,458.8
2274,458.8
2275,458.8
2276,458.8
2277,458.8
2278,458.8
2279,458.8
2280,458.8
2281,458.8
2282,458.8
2283,458.8
2284,458.8
2285,458.8
2286,458.8
2287,458.8
2288,458.8
2289,458.8
2290,458.8
2291,458.8
2292,458.8
2293,458.8
2294,458.8
2295,458.8
2296,458.8
2297,458.8
2298,458.8
2299,458.8
2300,458.8
2301,458.8
2302,458.8
2303,458.8
2304,458.8
2305,516.2
2306,458.8
2307,458.8
2308,458.8
2309,458.8
2310,458.8
2311,458.8
2312,458.8
2313,458.8
2314,458.8
2315,458.8
2316,458.8
2317,458.8
2318,458.8
2319,458.8
2320,458.8
2321,458.8
2322,458.8
2323,458.8
2324,458.8
2325,458.8
2326,458.8
2327,458.8
2328,458.8
2329,458.8
2330,458.8
2331,458.8
2332,458.8
2333,458.8
2334,458.8
2335,458.8
2336,458.8
2337,458.8
2338,458.8
2339,458.8
2340,458.8
2341,458.8
2342,458.8
2343,458.8
2344,458.8
2345,458.8
2346,458.8
2347,458.8
2348,458.8
2349,458.8
2350,458.8
2351,458.8
2352,458.8
2353,458.8
2354,458.8
2355,458.8
2356,458.8
2357,458.8
2358,458.8
2359,458.8
2360,458.8
2361,458.8
2362,458.8
2363,458.8
2364,458.8
2365,458.8
2366,458.8
2367,458.8
2368,458.8
2369,458.8
2370,458.8
2371,458.8
2372,458.8
2373,458.8
2374,458.8
2375,458.8
2376,458.8
2377,458.8
2378,458.8
2379,458.8
2380,458.8
2381,458.8
2382,458.8
2383,458.8
2384,458.8
2385,458.8
2386,458.8
2387,458.8
2388,458.8
2389,458.8
2390,458.8
2391,412.9
2392,412.9
2393,412.9
2394,412.9
2395,412.9
2396,412.9
2397,412.9
2398,412.9
2399,412.9
2400,412.9
2401,412.9
2402,412.9
2403,458.8
2404,412.9
2405,412.9
2406,412.9
2407,412.9
2408,412.9
2409,412.9
2410,458.8
2411,412.9
2412,412.9
2413,412.9
2414,412.9
2415,412.9
2416,412.9
2417,412.9
2418,412.9
2419,412.9
2420,412.9
2421,458.8
2422,412.9
2423,412.9
2424,412.9
2425,412.9
2426,458.8
2427,412.9
2428,458.8
2429,412.9
2430,412.9
2431,458.8
2432,412.9
2433,412.9
2434,458.8
2435,458.8
2436,412.9
2437,412.9
2438,412.9
2439,412.9
2440,412.9
2441,458.8
2442,412.9
2443,412.9
2444,412.9
2445,412.9
2446,412.9
2447,412.9
2448,412.9
2449,458.8
2450,412.9
2451,412.9
2452,412.9
2453,412.9
2454,412.9
2455,412.9
2456,412.9
2457,458.8
2458,412.9
2459,412.9
2460,458.8
2461,309.7
2462,275.3
2463,344.1
2464,309.7
2465,344.1
2466,309.7
2467,309.7
2468,309.7
2469,275.3
2470,309.7
2471,275.3
2472,344.1
2473,309.7
2474,344.1
2475,275.3
2476,309.7
2477,412.9
2478,344.1
2479,412.9
2480,412.9
2481,309.7
2482,309.7
2483,344.1
2484,412.9
2485,344.1
2486,309.7
2487,275.3
2488,275.3
2489,344.1
2490,344.1
2491,344.1
2492,309.7
2493,412.9
2494,275.3
2495,275.3
2496,412.9
2497,309.7
2498,309.7
2499,309.7
2500,309.7
2501,275.3
2502,458.8
2503,412.9
2504,309.7
2505,344.1
2506,344.1
2507,309.7
2508,344.1
2509,309.7
2510,309.7
2511,344.1
2512,344.1
2513,275.3
2514,344.1
2515,309.7
2516,412.9
2517,309.7
2518,309.7
2519,344.1
2520,344.1
2521,309.7
2522,412.9
2523,344.1
2524,309.7
2525,309.7
2526,412.9
2527,412.9
2528,344.1
2529,309.7
2530,309.7
2531,344.1
2532,344.1
2533,412.9
2534,309.7
2535,344.1
2536,309.7
2537,344.1
2538,309.7
2539,344.1
2540,309.7
2541,309.7
2542,309.7
2543,275.3
2544,309.7
2545,309.7
2546,275.3
2547,309.7
2548,309.7
2549,309.7
2550,412.9
2551,275.3
2552,309.7
2553,309.7
2554,412.9
2555,309.7
2556,309.7
2557,309.7
2558,309.7
2559,344.1
2560,344.1
2561,412.9
2562,412.9
2563,309.7
2564,275.3
2565,309.7
2566,344.1
2567,309.7
2568,309.7
2569,309.7
2570,309.7
2571,309.7
2572,309.7
2573,309.7
2574,275.3
2575,309.7
2576,344.1
2577,309.7
2578,309.7
2579,309.7
2580,412.9
2581,309.7
2582,412.9
2583,344.1
2584,344.1
2585,344.1
2586,412.9
2587,344.1
2588,344.1
2589,412.9
2590,309.7
2591,344.1
2592,309.7
2593,309.7
2594,309.7
2595,309.7
2596,309.7
2597,309.7
2598,344.1
2599,309.7
2600,344.1
2601,309.7
2602,309.7
2603,309.7
2604,344.1
2605,309.7
2606,309.7
2607,344.1
2608,344.1
2609,309.7
2610,309.7
2611,344.1
2612,344.1
2613,344.1
2614,344.1
2615,344.1
2616,309.7
2617,344.1
2618,344.1
2619,344.1
2620,344.1
2621,344.1
2622,275.3
2623,344.1
2624,344.1
2625,344.1
2626,309.7
2627,344.1
2628,309.7
2629,344.1
2630,412.9
2631,344.1
2632,344.1
2633,344.1
2634,344.1
2635,344.1
2636,344.1
2637,344.1
2638,309.7
2639,344.1
2640,344.1
2641,344.1
2642,309.7
2643,309.7
2644,309.7
2645,309.7
2646,309.7
2647,344.1
2648,344.1
2649,344.1
2650,309.7
2651,344.1
2652,344.1
2653,309.7
2654,309.7
2655,344.1
2656,309.7
2657,309.7
2658,344.1
2659,344.1
2660,344.1
2661,344.1
2662,344.1
2663,344.1
2664,344.1
2665,309.7
2666,309.7
2667,309.7
2668,344.1
2669,309.7
2670,309.7
2671,344.1
2672,344.1
2673,309.7
2674,309.7
2675,344.1
2676,309.7
2677,309.7
2678,309.7
2679,309.7
2680,344.1
2681,309.7
2682,275.3
2683,275.3
2684,275.3
2685,275.3
2686,275.3
2687,275.3
2688,275.3
2689,275.3
2690,344.1
2691,309.7
2692,275.3
2693,275.3
2694,309.7
2695,344.1
2696,309.7
2697,309.7
2698,309.7
2699,309.7
2700,309.7
2701,275.3
2702,206.5
2703,275.3
2704,309.7
2705,309.7
2706,309.7
2707,275.3
2708,275.3
2709,275.3
2710,309.7
2711,309.7
2712,275.3
2713,309.7
2714,206.5
2715,275.3
2716,275.3
2717,275.3
2718,275.3
2719,275.3
2720,275.3
2721,275.3
2722,275.3
2723,309.7
2724,309.7
2725,275.3
2726,275.3
2727,275.3
2728,275.3
2729,206.5
2730,275.3
2731,206.5
2732,275.3
2733,206.5
2734,275.3
2735,275.3
2736,275.3
2737,206.5
2738,206.5
2739,206.5
2740,275.3
2741,275.3
2742,275.3
2743,309.7
2744,275.3
2745,275.3
2746,275.3
2747,275.3
2748,275.3
2749,275.3
2750,206.5
2751,206.5
2752,275.3
2753,206.5
2754,206.5
2755,275.3
2756,206.5
2757,206.5
2758,206.5
2759,309.7
2760,275.3
2761,275.3
2762,309.7
2763,309.7
2764,275.3
2765,275.3
2766,309.7
2767,275.3
2768,275.3
2769,275.3
2770,275.3
2771,275.3
2772,275.3
2773,344.1
2774,275.3
2775,275.3
2776,275.3
2777,275.3
2778,275.3
2779,275.3
2780,206.5
2781,275.3
2782,275.3
2783,275.3
2784,309.7
2785,275.3
2786,275.3
2787,309.7
2788,275.3
2789,275.3
2790,309.7
2791,275.3
2792,275.3
2793,275.3
2794,275.3
2795,275.3
2796,275.3
2797,275.3
2798,206.5
2799,275.3
2800,275.3
2801,275.3
2802,309.7
2803,275.3
2804,309.7
2805,309.7
2806,275.3
2807,309.7
2808,275.3
2809,275.3
2810,275.3
2811,309.7
2812,275.3
2813,275.3
2814,206.5
2815,275.3
2816,275.3
2817,275.3
2818,275.3
2819,275.3
2820,309.7
2821,344.1
2822,275.3
2823,275.3
2824,275.3
2825,275.3
2826,275.3
2827,275.3
2828,275.3
2829,275.3
2830,206.5
2831,275.3
2832,275.3
2833,206.5
2834,206.5
2835,275.3
2836,275.3
2837,275.3
2838,275.3
2839,206.5
2840,275.3
2841,309.7
2842,275.3
2843,275.3
2844,275.3
2845,275.3
2846,206.5
2847,275.3
2848,206.5
2849,275.3
2850,206.5
2851,206.5
2852,275.3
2853,309.7
2854,309.7
2855,275.3
2856,206.5
2857,275.3
2858,206.5
2859,206.5
2860,275.3
2861,206.5
2862,275.3
2863,206.5
2864,206.5
2865,206.5
2866,206.5
2867,206.5
2868,206.5
2869,206.5
2870,275.3
2871,275.3
2872,275.3
2873,206.5
2874,275.3
2875,206.5
2876,275.3
2877,275.3
2878,206.5
2879,275.3
2880,206.5
2881,275.3
2882,206.5
2883,206.5
2884,275.3
2885,206.5
2886,206.5
2887,206.5
2888,275.3
2889,275.3
2890,275.3
2891,206.5
2892,275.3
2893,275.3
2894,275.3
2895,275.3
2896,275.3
2897,275.3
2898,275.3
2899,275.3
2900,275.3
2901,275.3
2902,275.3
2903,275.3
2904,206.5
2905,275.3
2906,275.3
2907,275.3
2908,275.3
2909,275.3
2910,275.3
2911,206.5
2912,275.3
2913,275.3
2914,275.3
2915,275.3
2916,275.3
2917,275.3
2918,275.3
2919,275.3
2920,275.3
2921,275.3
2922,275.3
2923,275.3
2924,275.3
2925,275.3
2926,275.3
2927,275.3
2928,275.3
2929,275.3
2930,275.3
2931,275.3
2932,275.3
2933,275.3
2934,275.3
2935,275.3
2936,275.3
2937,275.3
2938,275.3
2939,275.3
2940,275.3
2941,275.3
2942,275.3
2943,275.3
2944,275.3
2945,275.3
2946,206.5
2947,275.3
2948,275.3
2949,275.3
2950,275.3
2951,275.3
2952,275.3
2953,275.3
2954,275.3
2955,275.3
2956,309.7
2957,206.5
2958,309.7
2959,275.3
2960,275.3
2961,309.7
2962,275.3
2963,309.7
2964,309.7
2965,309.7
2966,275.3
2967,309.7
2968,275.3
2969,275.3
2970,275.3
2971,309.7
2972,275.3
2973,309.7
2974,309.7
2975,309.7
2976,309.7
2977,309.7
2978,275.3
2979,206.5
2980,275.3
2981,275.3
2982,309.7
2983,275.3
2984,275.3
2985,275.3
2986,344.1
2987,275.3
2988,275.3
2989,275.3
2990,275.3
2991,275.3
2992,309.7
2993,275.3
2994,275.3
2995,275.3
2996,309.7
2997,275.3
2998,275.3
2999,275.3
3000,275.3
3001,275.3
3002,309.7
3003,309.7
3004,275.3
3005,309.7
3006,275.3
3007,309.7
3008,275.3
3009,275.3
3010,309.7
3011,275.3
3012,275.3
3013,309.7
3014,309.7
3015,309.7
3016,309.7
3017,275.3
3018,309.7
3019,275.3
3020,344.1
3021,309.7
3022,309.7
3023,275.3
3024,309.7
3025,275.3
3026,309.7
3027,275.3
3028,275.3
3029,309.7
3030,309.7
3031,275.3
3032,206.5
3033,206.5
3034,206.5
3035,275.3
3036,206.5
3037,206.5
3038,275.3
3039,206.5
3040,206.5
3041,275.3
3042,206.5
3043,206.5
3044,206.5
3045,206.5
3046,275.3
3047,206.5
3048,275.3
3049,275.3
3050,275.3
3051,206.5
3052,275.3
3053,206.5
3054,206.5
3055,206.5
3056,275.3
3057,275.3
3058,206.5
3059,275.3
3060,275.3
3061,206.5
3062,206.5
3063,275.3
3064,275.3
3065,206.5
3066,275.3
3067,275.3
3068,206.5
3069,206.5
3070,275.3
3071,275.3
3072,206.5
3073,206.5
3074,275.3
3075,275.3
3076,275.3
3077,275.3
3078,206.5
3079,275.3
3080,275.3
3081,275.3
3082,206.5
3083,206.5
3084,206.5
3085,275.3
3086,275.3
3087,275.3
3088,206.5
3089,275.3
3090,275.3
3091,275.3
3092,275.3
3093,275.3
3094,275.3
3095,275.3
3096,275.3
3097,275.3
3098,206.5
3099,275.3
3100,206.5
3101,275.3
3102,275.3
3103,275.3
3104,206.5
3105,206.5
3106,275.3
3107,206.5
3108,206.5
3109,275.3
3110,309.7
3111,309.7
3112,309.7
3113,344.1
3114,344.1
3115,412.9
3116,309.7
3117,275.3
3118,344.1
3119,309.7
3120,344.1
3121,344.1
3122,344.1
3123,309.7
3124,309.7
3125,309.7
3126,275.3
3127,344.1
3128,309.7
3129,275.3
3130,344.1
3131,344.1
3132,309.7
3133,275.3
3134,275.3
3135,275.3
3136,309.7
3137,309.7
3138,275.3
3139,344.1
3140,275.3
3141,344.1
3142,309.7
3143,344.1
3144,344.1
3145,412.9
3146,344.1
3147,412.9
3148,309.7
3149,309.7
3150,309.7
3151,309.7
3152,412.9
3153,309.7
3154,309.7
3155,344.1
3156,344.1
3157,412.9
3158,309.7
3159,344.1
3160,309.7
3161,275.3
3162,344.1
3163,309.7
3164,344.1
3165,344.1
3166,309.7
3167,275.3
3168,275.3
3169,309.7
3170,309.7
3171,344.1
3172,309.7
3173,344.1
3174,309.7
3175,275.3
3176,309.7
3177,309.7
3178,412.9
3179,309.7
3180,309.7
3181,309.7
3182,309.7
3183,309.7
3184,344.1
3185,275.3
3186,344.1
3187,309.7
3188,309.7
3189,309.7
3190,309.7
3191,275.3
3192,309.7
3193,275.3
3194,309.7
3195,309.7
3196,344.1
3197,309.7
3198,458.8
3199,458.8
3200,458.8
3201,458.8
3202,458.8
3203,458.8
3204,458.8
3205,458.8
3206,458.8
3207,458.8
3208,458.8
3209,458.8
3210,458.8
3211,458.8
3212,458.8
3213,458.8
3214,458.8
3215,458.8
3216,458.8
3217,458.8
3218,458.8
3219,458.8
3220,458.8
3221,458.8
3222,458.8
3223,458.8
3224,458.8
3225,458.8
3226,458.8
3227,458.8
3228,458.8
3229,458.8
3230,458.8
3231,458.8
3232,458.8
3233,458.8
3234,458.8
3235,458.8
3236,458.8
3237,458.8
3238,458.8
3239,458.8
3240,458.8
3241,458.8
3242,458.8
3243,458.8
3244,458.8
3245,458.8
3246,458.8
3247,458.8
3248,458.8
3249,458.8
3250,458.8
3251,458.8
3252,458.8
3253,458.8
3254,458.8
3255,458.8
3256,458.8
3257,458.8
3258,458.8
3259,458.8
3260,458.8
3261,458.8
3262,458.8
3263,458.8
3264,458.8
3265,458.8
3266,458.8
3267,458.8
3268,458.8
3269,458.8
3270,458.8
3271,458.8
3272,458.8
3273,458.8
3274,458.8
3275,458.8
3276,458.8
3277,516.2
3278,458.8
3279,458.8
3280,458.8
3281,458.8
3282,458.8
3283,458.8
3284,458.8
3285,458.8
3286,516.2
3287,516.2
3288,516.2
3289,516.2
3290,458.8
3291,516.2
3292,516.2
3293,458.8
3294,458.8
3295,458.8
3296,458.8
3297,516.2
3298,458.8
3299,458.8
3300,458.8
3301,458.8
3302,458.8
3303,458.8
3304,458.8
3305,458.8
3306,458.8
3307,458.8
3308,458.8
3309,516.2
3310,516.2
3311,516.2
3312,458.8
3313,516.2
3314,458.8
3315,412.9
3316,516.2
3317,458.8
3318,458.8
3319,516.2
3320,516.2
3321,458.8
3322,458.8
3323,516.2
3324,458.8
3325,516.2
3326,458.8
3327,458.8
3328,516.2
3329,458.8
3330,458.8
3331,516.2
3332,458.8
3333,458.8
3334,458.8
3335,458.8
3336,516.2
3337,458.8
3338,458.8
3339,516.2
3340,516.2
3341,458.8
3342,516.2
3343,516.2
3344,412.9
3345,458.8
3346,458.8
3347,412.9
3348,458.8
3349,516.2
3350,516.2
3351,516.2
3352,458.8
3353,516.2
3354,458.8
3355,516.2
3356,458.8
3357,458.8
3358,516.2
3359,516.2
3360,458.8
3361,458.8
3362,516.2
3363,516.2
3364,458.8
3365,458.8
3366,458.8
3367,458.8
3368,458.8
3369,516.2
3370,412.9
3371,412.9
3372,412.9
3373,412.9
3374,412.9
3375,412.9
3376,412.9
3377,412.9
3378,458.8
3379,412.9
3380,412.9
3381,412.9
3382,458.8
3383,412.9
3384,412.9
3385,412.9
3386,458.8
3387,412.9
3388,412.9
3389,412.9
3390,412.9
3391,412.9
3392,412.9
3393,458.8
3394,458.8
3395,412.9
3396,412.9
3397,458.8
3398,458.8
3399,458.8
3400,458.8
3401,458.8
3402,458.8
3403,458.8
3404,412.9
3405,458.8
3406,412.9
3407,458.8
3408,458.8
3409,458.8
3410,458.8
3411,458.8
3412,412.9
3413,458.8
3414,458.8
3415,412.9
3416,412.9
3417,458.8
3418,412.9
3419,458.8
3420,458.8
3421,412.9
3422,458.8
3423,458.8
3424,412.9
3425,412.9
3426,412.9
3427,458.8
3428,458.8
3429,458.8
3430,458.8
3431,458.8
3432,458.8
3433,458.8
3434,458.8
3435,458.8
3436,458.8
3437,412.9
3438,458.8
3439,412.9
3440,412.9
3441,412.9
3442,458.8
3443,412.9
3444,412.9
3445,458.8
3446,412.9
3447,412.9
3448,458.8
3449,412.9
3450,458.8
3451,458.8
3452,458.8
3453,412.9
3454,412.9
3455,412.9
3456,412.9
3457,412.9
3458,412.9
3459,344.1
3460,309.7
3461,309.7
3462,344.1
3463,309.7
3464,309.7
3465,275.3
3466,309.7
3467,309.7
3468,309.7
3469,309.7
3470,309.7
3471,275.3
3472,275.3
3473,309.7
3474,309.7
3475,275.3
3476,309.7
3477,275.3
3478,275.3
3479,344.1
3480,275.3
3481,275.3
3482,309.7
3483,275.3
3484,309.7
3485,275.3
3486,309.7
3487,309.7
3488,344.1
3489,309.7
3490,344.1
3491,412.9
3492,412.9
3493,309.7
3494,309.7
3495,309.7
3496,344.1
3497,275.3
3498,275.3
3499,309.7
3500,275.3
3501,309.7
3502,275.3
3503,309.7
3504,275.3
3505,309.7
3506,309.7
3507,309.7
3508,309.7
3509,275.3
3510,275.3
3511,309.7
3512,309.7
3513,275.3
3514,275.3
3515,458.8
3516,309.7
3517,275.3
3518,275.3
3519,344.1
3520,275.3
3521,275.3
3522,309.7
3523,309.7
3524,344.1
3525,344.1
3526,309.7
3527,344.1
3528,309.7
3529,275.3
3530,344.1
3531,412.9
3532,275.3
3533,275.3
3534,275.3
3535,275.3
3536,275.3
3537,309.7
3538,309.7
3539,275.3
3540,309.7
3541,275.3
3542,275.3
3543,309.7
3544,275.3
3545,309.7
3546,309.7
3547,309.7
3548,309.7
3549,309.7
3550,275.3
3551,309.7
3552,309.7
3553,344.1
3554,309.7
3555,344.1
3556,275.3
3557,344.1
3558,275.3
3559,275.3
3560,412.9
3561,309.7
3562,309.7
3563,309.7
3564,309.7
3565,309.7
3566,344.1
3567,275.3
3568,344.1
3569,309.7
3570,309.7
3571,309.7
3572,309.7
3573,275.3
3574,309.7
3575,309.7
3576,309.7
3577,309.7
3578,309.7
3579,309.7
3580,309.7
3581,344.1
3582,309.7
3583,344.1
3584,275.3
3585,309.7
3586,309.7
3587,309.7
3588,309.7
3589,309.7
3590,275.3
3591,309.7
3592,412.9
3593,309.7
3594,309.7
3595,275.3
3596,309.7
3597,309.7
3598,309.7
3599,309.7
3600,309.7
3601,309.7
3602,309.7
3603,309.7
3604,412.9
3605,309.7
3606,309.7
3607,412.9
3608,412.9
3609,309.7
3610,344.1
3611,309.7
3612,344.1
3613,309.7
3614,309.7
3615,412.9
3616,309.7
3617,275.3
3618,309.7
3619,309.7
3620,344.1
3621,309.7
3622,309.7
3623,309.7
3624,309.7
3625,309.7
3626,275.3
3627,309.7
3628,344.1
3629,275.3
3630,275.3
3631,275.3
3632,275.3
3633,309.7
3634,275.3
3635,275.3
3636,309.7
3637,309.7
3638,309.7
3639,309.7
3640,275.3
3641,309.7
3642,275.3
3643,275.3
3644,275.3
3645,309.7
3646,275.3
3647,344.1
3648,309.7
3649,344.1
3650,344.1
3651,309.7
3652,275.3
3653,206.5
3654,275.3
3655,275.3
3656,275.3
3657,275.3
3658,275.3
3659,309.7
3660,458.8
3661,344.1
3662,309.7
3663,309.7
3664,344.1
3665,275.3
3666,275.3
3667,309.7
3668,275.3
3669,275.3
3670,275.3
3671,309.7
3672,275.3
3673,309.7
3674,309.7
3675,309.7
3676,309.7
3677,309.7
3678,309.7
3679,309.7
3680,275.3
3681,275.3
3682,309.7
3683,275.3
3684,309.7
3685,344.1
3686,309.7
3687,206.5
3688,275.3
3689,275.3
3690,206.5
3691,206.5
3692,275.3
3693,206.5
3694,206.5
3695,275.3
3696,206.5
3697,206.5
3698,206.5
3699,206.5
3700,275.3
3701,206.5
3702,206.5
3703,275.3
3704,275.3
3705,206.5
3706,275.3
3707,275.3
3708,275.3
3709,275.3
3710,206.5
3711,206.5
3712,275.3
3713,275.3
3714,309.7
3715,275.3
3716,206.5
3717,275.3
3718,206.5
3719,206.5
3720,206.5
3721,275.3
3722,206.5
3723,206.5
3724,206.5
3725,206.5
3726,275.3
3727,275.3
3728,206.5
3729,275.3
3730,206.5
3731,206.5
3732,275.3
3733,206.5
3734,275.3
3735,206.5
3736,275.3
3737,206.5
3738,206.5
3739,275.3
3740,275.3
3741,206.5
3742,206.5
3743,206.5
3744,275.3
3745,206.5
3746,206.5
3747,206.5
3748,275.3
3749,206.5
3750,206.5
3751,206.5
3752,275.3
3753,206.5
3754,206.5
3755,275.3
3756,275.3
3757,206.5
3758,206.5
3759,275.3
3760,206.5
3761,206.5
3762,275.3
3763,275.3
3764,275.3
3765,206.5
3766,206.5
3767,206.5
3768,275.3
3769,275.3
3770,206.5
3771,309.7
3772,275.3
3773,206.5
3774,275.3
3775,275.3
3776,275.3
3777,275.3
3778,206.5
3779,206.5
3780,275.3
3781,206.5
3782,206.5
3783,275.3
3784,275.3
3785,275.3
3786,275.3
3787,206.5
3788,275.3
3789,206.5
3790,275.3
3791,275.3
3792,206.5
3793,275.3
3794,206.5
3795,275.3
3796,275.3
3797,206.5
3798,275.3
3799,206.5
3800,275.3
3801,206.5
3802,206.5
3803,275.3
3804,206.5
3805,206.5
3806,275.3
3807,206.5
3808,275.3
3809,275.3
3810,206.5
3811,275.3
3812,275.3
3813,275.3
3814,275.3
3815,275.3
3816,275.3
3817,275.3
3818,275.3
3819,206.5
3820,275.3
3821,206.5
3822,275.3
3823,275.3
3824,206.5
3825,206.5
3826,275.3
3827,309.7
3828,275.3
3829,275.3
3830,275.3
3831,275.3
3832,275.3
3833,309.7
3834,309.7
3835,275.3
3836,309.7
3837,309.7
3838,309.7
3839,309.7
3840,275.3
3841,309.7
3842,309.7
3843,309.7
3844,275.3
3845,275.3
3846,275.3
3847,275.3
3848,309.7
3849,275.3
3850,309.7
3851,275.3
3852,309.7
3853,275.3
3854,275.3
3855,275.3
3856,275.3
3857,309.7
3858,275.3
3859,275.3
3860,309.7
3861,275.3
3862,275.3
3863,275.3
3864,275.3
3865,275.3
3866,309.7
3867,309.7
3868,275.3
3869,309.7
3870,275.3
3871,275.3
3872,309.7
3873,309.7
3874,275.3
3875,309.7
3876,275.3
3877,275.3
3878,309.7
3879,275.3
3880,309.7
3881,275.3
3882,309.7
3883,309.7
3884,275.3
3885,309.7
3886,309.7
3887,275.3
3888,309.7
3889,309.7
3890,275.3
3891,309.7
3892,309.7
3893,309.7
3894,275.3
3895,206.5
3896,275.3
3897,309.7
3898,275.3
3899,275.3
3900,275.3
3901,275.3
3902,309.7
3903,275.3
3904,309.7
3905,309.7
3906,275.3
3907,275.3
3908,275.3
3909,309.7
3910,309.7
3911,275.3
3912,309.7
3913,309.7
3914,309.7
3915,309.7
3916,309.7
3917,275.3
3918,275.3
3919,309.7
3920,309.7
3921,309.7
3922,309.7
3923,309.7
3924,309.7
3925,309.7
3926,309.7
3927,309.7
3928,309.7
3929,309.7
3930,309.7
3931,309.7
3932,275.3
3933,309.7
3934,309.7
3935,275.3
3936,275.3
3937,275.3
3938,275.3
3939,309.7
3940,309.7
3941,309.7
3942,206.5
3943,206.5
3944,206.5
3945,206.5
3946,206.5
3947,206.5
3948,206.5
3949,206.5
3950,206.5
3951,206.5
3952,206.5
3953,206.5
3954,206.5
3955,206.5
3956,206.5
3957,206.5
3958,206.5
3959,206.5
3960,206.5
3961,206.5
3962,206.5
3963,206.5
3964,206.5
3965,206.5
3966,344.1
3967,309.7
3968,344.1
3969,344.1
3970,344.1
3971,344.1
3972,412.9
3973,344.1
3974,412.9
3975,412.9
3976,344.1
3977,412.9
3978,412.9
3979,412.9
3980,412.9
3981,412.9
3982,344.1
3983,344.1
3984,344.1
3985,344.1
3986,344.1
3987,412.9
3988,344.1
3989,344.1
3990,412.9
3991,344.1
3992,412.9
3993,412.9
3994,344.1
3995,344.1
3996,344.1
3997,412.9
3998,412.9
3999,412.9
4000,344.1
4001,412.9
4002,412.9
4003,412.9
4004,344.1
4005,412.9
4006,344.1
4007,412.9
4008,344.1
4009,412.9
4010,344.1
4011,412.9
4012,344.1
4013,309.7
4014,309.7
4015,344.1
4016,344.1
4017,412.9
4018,344.1
4019,412.9
4020,412.9
4021,344.1
4022,344.1
4023,344.1
4024,412.9
4025,412.9
4026,412.9
4027,412.9
4028,344.1
4029,344.1
4030,412.9
4031,412.9
4032,344.1
4033,412.9
4034,309.7
4035,412.9
4036,573.5
4037,573.5
4038,573.5
4039,573.5
4040,573.5
4041,573.5
4042,573.5
4043,573.5
4044,573.5
4045,573.5
4046,573.5
4047,573.5
4048,573.5
4049,573.5
4050,573.5
4051,573.5
4052,573.5
4053,573.5
4054,573.5
4055,573.5
4056,573.5
4057,573.5
4058,573.5
4059,573.5
4060,573.5
4061,573.5
4062,573.5
4063,573.5
4064,573.5
4065,573.5
4066,573.5
4067,573.5
4068,573.5
4069,573.5
4070,573.5
4071,573.5
4072,573.5
4073,573.5
4074,573.5
4075,573.5
4076,573.5
4077,573.5
4078,573.5
4079,573.5
4080,573.5
4081,573.5
4082,573.5
4083,573.5
4084,573.5
4085,573.5
4086,573.5
4087,573.5
4088,573.5
4089,573.5
4090,573.5
4091,573.5
4092,573.5
4093,573.5
4094,573.5
4095,573.5
4096,573.5
4097,573.5
4098,573.5
4099,573.5
4100,573.5
4101,573.5
4102,458.8
4103,516.2
4104,458.8
4105,516.2
4106,458.8
4107,516.2
4108,458.8
4109,516.2
4110,516.2
4111,516.2
4112,458.8
4113,458.8
4114,458.8
4115,516.2
4116,516.2
4117,516.2
4118,458.8
4119,516.2
4120,516.2
4121,458.8
4122,516.2
4123,458.8
4124,412.9
4125,458.8
4126,458.8
4127,516.2
4128,412.9
4129,412.9
4130,516.2
4131,412.9
4132,516.2
4133,412.9
4134,458.8
4135,458.8
4136,458.8
4137,458.8
4138,458.8
4139,516.2
4140,458.8
4141,458.8
4142,458.8
4143,516.2
4144,458.8
4145,458.8
4146,458.8
4147,516.2
4148,458.8
4149,458.8
4150,458.8
4151,516.2
4152,412.9
4153,458.8
4154,458.8
4155,458.8
4156,458.8
4157,516.2
4158,516.2
4159,516.2
4160,458.8
4161,458.8
4162,516.2
4163,516.2
4164,458.8
4165,516.2
4166,458.8
4167,458.8
4168,516.2
4169,458.8
4170,516.2
4171,309.7
4172,275.3
4173,275.3
4174,309.7
4175,275.3
4176,275.3
4177,275.3
4178,275.3
4179,275.3
4180,275.3
4181,275.3
4182,275.3
4183,309.7
4184,275.3
4185,275.3
4186,275.3
4187,309.7
4188,275.3
4189,275.3
4190,309.7
4191,275.3
4192,275.3
4193,275.3
4194,309.7
4195,309.7
4196,275.3
4197,275.3
4198,275.3
4199,309.7
4200,309.7
4201,309.7
4202,275.3
4203,275.3
4204,275.3
4205,309.7
4206,344.1
4207,275.3
4208,275.3
4209,344.1
4210,275.3
4211,309.7
4212,275.3
4213,275.3
4214,275.3
4215,309.7
4216,275.3
4217,275.3
4218,309.7
4219,344.1
4220,275.3
4221,275.3
4222,309.7
4223,275.3
4224,344.1
4225,275.3
4226,275.3
4227,344.1
4228,412.9
4229,344.1
4230,344.1
4231,458.8
4232,412.9
4233,344.1
4234,412.9
4235,412.9
4236,412.9
4237,412.9
4238,412.9
4239,344.1
4240,412.9
4241,412.9
4242,412.9
4243,412.9
4244,412.9
4245,412.9
4246,412.9
4247,412.9
4248,412.9
4249,412.9
4250,344.1
4251,412.9
4252,412.9
4253,412.9
4254,344.1
4255,412.9
4256,344.1
4257,344.1
4258,344.1
4259,412.9
4260,412.9
4261,344.1
4262,412.9
4263,344.1
4264,412.9
4265,344.1
4266,412.9
4267,412.9
4268,412.9
4269,412.9
4270,344.1
4271,344.1
4272,344.1
4273,412.9
4274,412.9
4275,412.9
4276,344.1
4277,344.1
4278,344.1
4279,344.1
4280,344.1
4281,412.9
4282,412.9
4283,412.9
4284,412.9
4285,344.1
4286,412.9
4287,344.1
4288,412.9
4289,412.9
4290,412.9
4291,412.9
4292,412.9
4293,344.1
4294,309.7
4295,344.1
4296,309.7
4297,309.7
4298,309.7
4299,344.1
4300,344.1
4301,309.7
4302,309.7
4303,309.7
4304,309.7
4305,309.7
4306,309.7
4307,309.7
4308,309.7
4309,309.7
4310,309.7
4311,309.7
4312,309.7
4313,309.7
4314,309.7
4315,309.7
4316,309.7
4317,309.7
4318,309.7
4319,309.7
4320,309.7
4321,309.7
4322,309.7
4323,309.7
4324,309.7
4325,309.7
4326,309.7
4327,309.7
4328,344.1
4329,309.7
4330,309.7
4331,309.7
4332,309.7
4333,412.9
4334,309.7
4335,309.7
4336,344.1
4337,309.7
4338,309.7
4339,309.7
4340,309.7
4341,309.7
4342,309.7
4343,344.1
4344,309.7
4345,309.7
4346,309.7
4347,309.7
4348,309.7
4349,309.7
4350,309.7
4351,309.7
4352,309.7
4353,344.1
4354,309.7
4355,309.7
4356,309.7
4357,309.7
4358,309.7
4359,309.7
4360,309.7
4361,206.5
4362,275.3
4363,206.5
4364,275.3
4365,206.5
4366,206.5
4367,275.3
4368,206.5
4369,206.5
4370,206.5
4371,206.5
4372,309.7
4373,206.5
4374,275.3
4375,275.3
4376,275.3
4377,275.3
4378,275.3
4379,206.5
4380,206.5
4381,275.3
4382,206.5
4383,206.5
4384,206.5
4385,206.5
4386,275.3
4387,275.3
4388,206.5
4389,206.5
4390,275.3
4391,206.5
4392,206.5
4393,206.5
4394,275.3
4395,275.3
4396,206.5
4397,275.3
4398,206.5
4399,206.5
4400,275.3
4401,275.3
4402,275.3
4403,206.5
4404,275.3
4405,206.5
4406,206.5
4407,275.3
4408,206.5
4409,275.3
4410,275.3
4411,275.3
4412,275.3
4413,275.3
4414,206.5
4415,206.5
4416,309.7
4417,275.3
4418,275.3
4419,206.5
4420,206.5
4421,275.3
4422,275.3
4423,206.5
4424,206.5
4425,275.3
4426,275.3
4427,206.5
4428,309.7
4429,275.3
4430,206.5
4431,275.3
4432,275.3
4433,275.3
4434,275.3
4435,206.5
4436,206.5
4437,206.5
4438,275.3
4439,309.7
4440,275.3
4441,206.5
4442,309.7
4443,309.7
4444,309.7
4445,309.7
4446,275.3
4447,275.3
4448,309.7
4449,309.7
4450,309.7
4451,309.7
4452,309.7
4453,309.7
4454,309.7
4455,275.3
4456,309.7
4457,275.3
4458,275.3
4459,275.3
4460,275.3
4461,309.7
4462,309.7
4463,309.7
4464,206.5
4465,275.3
4466,344.1
4467,309.7
4468,206.5
4469,206.5
4470,275.3
4471,206.5
4472,206.5
4473,206.5
4474,206.5
4475,206.5
4476,206.5
4477,206.5
4478,206.5
4479,206.5
4480,206.5
4481,206.5
4482,206.5
4483,206.5
4484,206.5
4485,275.3
4486,206.5
4487,206.5
4488,206.5
4489,206.5
4490,206.5
4491,206.5
4492,206.5
4493,206.5
4494,206.5
4495,206.5
4496,206.5
4497,206.5
4498,206.5
4499,206.5
4500,206.5
4501,206.5
4502,206.5
4503,206.5
4504,206.5
4505,206.5
4506,275.3
4507,275.3
4508,206.5
4509,206.5
4510,275.3
4511,206.5
4512,206.5
4513,206.5
4514,206.5
4515,206.5
4516,206.5
4517,206.5
4518,206.5
4519,206.5
4520,206.5
4521,206.5
4522,206.5
4523,206.5
4524,206.5
4525,206.5
4526,206.5
4527,206.5
4528,206.5
4529,206.5
4530,206.5
4531,206.5
4532,206.5
4533,206.5
4534,206.5
4535,206.5
4536,206.5
4537,206.5
4538,206.5
4539,309.7
4540,206.5
4541,309.7
4542,206.5
4543,275.3
4544,206.5
4545,206.5
4546,206.5
4547,206.5
4548,206.5
4549,206.5
4550,206.5
4551,206.5
4552,275.3
4553,206.5
4554,206.5
4555,206.5
4556,275.3
4557,206.5
4558,206.5
4559,206.5
4560,206.5
4561,206.5
4562,275.3
4563,275.3
4564,206.5
4565,275.3
4566,206.5
4567,206.5
4568,206.5
4569,275.3
4570,275.3
4571,275.3
4572,275.3
4573,206.5
4574,206.5
4575,206.5
4576,206.5
4577,206.5
4578,275.3
4579,206.5
4580,206.5
4581,275.3
4582,206.5
4583,275.3
4584,206.5
4585,275.3
4586,275.3
4587,275.3
4588,275.3
4589,275.3
4590,275.3
4591,275.3
4592,206.5
4593,275.3
4594,206.5
4595,206.5
4596,206.5
4597,206.5
4598,206.5
4599,206.5
4600,206.5
4601,206.5
4602,206.5
4603,206.5
4604,206.5
4605,206.5
4606,206.5
4607,275.3
4608,206.5
4609,275.3
4610,206.5
4611,206.5
4612,206.5
4613,206.5
4614,206.5
4615,206.5
4616,206.5
4617,206.5
4618,206.5
4619,206.5
4620,206.5
4621,206.5
4622,206.5
4623,275.3
4624,206.5
4625,206.5
4626,206.5
4627,206.5
4628,206.5
4629,206.5
4630,206.5
4631,206.5
4632,206.5
4633,206.5
4634,275.3
4635,206.5
4636,275.3
4637,275.3
4638,206.5
4639,275.3
4640,206.5
4641,275.3
4642,275.3
4643,275.3
4644,206.5
4645,275.3
4646,275.3
4647,206.5
4648,206.5
4649,275.3
4650,275.3
4651,275.3
4652,275.3
4653,206.5
4654,206.5
4655,275.3
4656,275.3
4657,275.3
4658,275.3
4659,275.3
4660,206.5
4661,206.5
4662,275.3
4663,275.3
4664,275.3
4665,206.5
4666,206.5
4667,275.3
4668,275.3
4669,206.5
4670,275.3
4671,206.5
4672,275.3
4673,206.5
4674,275.3
4675,206.5
4676,275.3
4677,275.3
4678,206.5
4679,275.3
4680,206.5
4681,275.3
4682,275.3
4683,275.3
4684,206.5
4685,309.7
4686,275.3
4687,309.7
4688,275.3
4689,275.3
4690,275.3
4691,309.7
4692,275.3
4693,275.3
4694,344.1
4695,275.3
4696,275.3
4697,275.3
4698,275.3
4699,275.3
4700,275.3
4701,275.3
4702,309.7
4703,309.7
4704,275.3
4705,275.3
4706,275.3
4707,309.7
4708,309.7
4709,275.3
4710,275.3
4711,309.7
4712,275.3
4713,275.3
4714,275.3
4715,275.3
4716,309.7
4717,275.3
4718,275.3
4719,309.7
4720,309.7
4721,275.3
4722,275.3
4723,275.3
4724,275.3
4725,275.3
4726,275.3
4727,275.3
4728,275.3
4729,275.3
4730,275.3
4731,275.3
4732,275.3
4733,309.7
4734,275.3
4735,275.3
4736,275.3
4737,309.7
4738,275.3
4739,275.3
4740,275.3
4741,275.3
4742,275.3
4743,309.7
4744,275.3
4745,275.3
4746,275.3
4747,458.8
4748,458.8
4749,516.2
4750,458.8
4751,458.8
4752,458.8
4753,458.8
4754,458.8
4755,458.8
4756,516.2
4757,458.8
4758,458.8
4759,458.8
4760,458.8
4761,458.8
4762,458.8
4763,458.8
4764,516.2
4765,458.8
4766,458.8
4767,458.8
4768,458.8
4769,458.8
4770,458.8
4771,458.8
4772,458.8
4773,458.8
4774,458.8
4775,458.8
4776,458.8
4777,458.8
4778,458.8
4779,458.8
4780,458.8
4781,458.8
4782,458.8
4783,458.8
4784,458.8
4785,458.8
4786,458.8
4787,458.8
4788,458.8
4789,458.8
4790,458.8
4791,458.8
4792,458.8
4793,458.8
4794,458.8
4795,458.8
4796,516.2
4797,458.8
4798,458.8
4799,458.8
4800,458.8
4801,458.8
4802,458.8
4803,458.8
4804,458.8
4805,458.8
4806,458.8
4807,458.8
4808,458.8
4809,458.8
4810,458.8
4811,458.8
4812,458.8
4813,573.5
4814,573.5
4815,573.5
4816,573.5
4817,573.5
4818,573.5
4819,573.5
4820,573.5
4821,573.5
4822,573.5
4823,573.5
4824,573.5
4825,573.5
4826,573.5
4827,573.5
4828,573.5
4829,619.4
4830,573.5
4831,573.5
4832,573.5
4833,573.5
4834,573.5
4835,573.5
4836,573.5
4837,573.5
4838,573.5
4839,573.5
4840,619.4
4841,573.5
4842,573.5
4843,573.5
4844,573.5
4845,619.4
4846,573.5
4847,573.5
4848,573.5
4849,573.5
4850,573.5
4851,573.5
4852,573.5
4853,573.5
4854,573.5
4855,573.5
4856,573.5
4857,573.5
4858,573.5
4859,573.5
4860,573.5
4861,573.5
4862,573.5
4863,573.5
4864,619.4
4865,573.5
4866,573.5
4867,573.5
4868,573.5
4869,573.5
4870,573.5
4871,573.5
4872,573.5
4873,573.5
4874,573.5
4875,573.5
4876,458.8
4877,458.8
4878,458.8
4879,458.8
4880,458.8
4881,458.8
4882,458.8
4883,458.8
4884,458.8
4885,458.8
4886,458.8
4887,458.8
4888,458.8
4889,458.8
4890,458.8
4891,458.8
4892,458.8
4893,458.8
4894,458.8
4895,458.8
4896,458.8
4897,458.8
4898,458.8
4899,458.8
4900,458.8
4901,458.8
4902,458.8
4903,458.8
4904,458.8
4905,458.8
4906,458.8
4907,458.8
4908,458.8
4909,458.8
4910,458.8
4911,458.8
4912,458.8
4913,458.8
4914,458.8
4915,458.8
4916,458.8
4917,458.8
4918,458.8
4919,458.8
4920,458.8
4921,458.8
4922,458.8
4923,458.8
4924,458.8
4925,458.8
4926,458.8
4927,458.8
4928,458.8
4929,458.8
4930,458.8
4931,458.8
4932,458.8
4933,458.8
4934,458.8
4935,458.8
4936,458.8
4937,458.8
4938,458.8
4939,458.8
4940,458.8
4941,458.8
4942,458.8
4943,458.8
4944,458.8
4945,458.8
4946,458.8
4947,458.8
4948,458.8
4949,458.8
4950,458.8
4951,458.8
4952,458.8
4953,458.8
4954,458.8
4955,458.8
4956,458.8
4957,458.8
4958,458.8
4959,458.8
4960,458.8
4961,412.9
4962,458.8
4963,458.8
4964,412.9
4965,412.9
4966,412.9
4967,412.9
4968,458.8
4969,458.8
4970,458.8
4971,412.9
4972,458.8
4973,458.8
4974,412.9
4975,458.8
4976,412.9
4977,412.9
4978,412.9
4979,412.9
4980,412.9
4981,412.9
4982,458.8
4983,412.9
4984,412.9
4985,412.9
4986,458.8
4987,458.8
4988,412.9
4989,412.9
4990,412.9
4991,458.8
4992,412.9
4993,458.8
4994,458.8
4995,412.9
4996,412.9
4997,412.9
4998,458.8
4999,412.9
5000,412.9
5001,412.9
5002,412.9
5003,412.9
5004,412.9
5005,458.8
5006,458.8
5007,458.8
5008,458.8
5009,458.8
5010,458.8
5011,412.9
5012,458.8
5013,458.8
5014,458.8
5015,412.9
5016,412.9
5017,458.8
5018,412.9
5019,458.8
5020,412.9
5021,412.9
5022,458.8
5023,412.9
5024,412.9
5025,458.8
5026,458.8
5027,458.8
5028,412.9
5029,412.9
5030,412.9
5031,458.8
5032,458.8
5033,412.9
5034,458.8
5035,412.9
5036,458.8
5037,458.8
5038,516.2
5039,412.9
5040,458.8
5041,458.8
5042,412.9
5043,458.8
5044,458.8
5045,458.8
5046,458.8
5047,458.8
5048,458.8
5049,458.8
5050,458.8
5051,458.8
5052,458.8
5053,412.9
5054,412.9
5055,458.8
5056,458.8
5057,458.8
5058,458.8
5059,458.8
5060,458.8
5061,458.8
5062,458.8
5063,458.8
5064,458.8
5065,516.2
5066,458.8
5067,458.8
5068,458.8
5069,458.8
5070,458.8
5071,458.8
5072,458.8
5073,458.8
5074,458.8
5075,458.8
5076,412.9
5077,458.8
5078,458.8
5079,458.8
5080,412.9
5081,458.8
5082,458.8
5083,458.8
5084,412.9
5085,458.8
5086,458.8
5087,516.2
5088,412.9
5089,458.8
5090,458.8
5091,458.8
5092,458.8
5093,309.7
5094,344.1
5095,309.7
5096,344.1
5097,344.1
5098,344.1
5099,344.1
5100,344.1
5101,309.7
5102,344.1
5103,344.1
5104,309.7
5105,344.1
5106,344.1
5107,344.1
5108,309.7
5109,344.1
5110,344.1
5111,344.1
5112,344.1
5113,344.1
5114,309.7
5115,344.1
5116,344.1
5117,344.1
5118,344.1
5119,344.1
5120,344.1
5121,309.7
5122,344.1
5123,309.7
5124,344.1
5125,344.1
5126,344.1
5127,344.1
5128,344.1
5129,344.1
5130,344.1
5131,344.1
5132,344.1
5133,344.1
5134,344.1
5135,344.1
5136,344.1
5137,344.1
5138,344.1
5139,344.1
5140,344.1
5141,344.1
5142,344.1
5143,344.1
5144,344.1
5145,344.1
5146,344.1
5147,344.1
5148,412.9
5149,344.1
5150,344.1
5151,344.1
5152,344.1
5153,309.7
5154,344.1
5155,344.1
5156,344.1
5157,344.1
5158,344.1
5159,344.1
5160,344.1
5161,344.1
5162,344.1
5163,344.1
5164,412.9
5165,344.1
5166,412.9
5167,344.1
5168,412.9
5169,412.9
5170,344.1
5171,412.9
5172,412.9
5173,412.9
5174,412.9
5175,412.9
5176,412.9
5177,412.9
5178,412.9
5179,412.9
5180,344.1
5181,412.9
5182,412.9
5183,412.9
5184,412.9
5185,412.9
5186,412.9
5187,412.9
5188,344.1
5189,344.1
5190,412.9
5191,412.9
5192,412.9
5193,412.9
5194,412.9
5195,412.9
5196,412.9
5197,412.9
5198,412.9
5199,412.9
5200,412.9
5201,412.9
5202,412.9
5203,412.9
5204,344.1
5205,344.1
5206,344.1
5207,412.9
5208,412.9
5209,344.1
5210,412.9
5211,412.9
5212,344.1
5213,412.9
5214,412.9
5215,412.9
5216,412.9
5217,344.1
5218,412.9
5219,412.9
5220,412.9
5221,412.9
5222,344.1
5223,344.1
5224,344.1
5225,412.9
5226,412.9
5227,412.9
5228,412.9
5229,344.1
5230,344.1
5231,344.1
5232,344.1
5233,412.9
5234,412.9
5235,412.9
5236,412.9
5237,275.3
5238,275.3
5239,275.3
5240,275.3
5241,206.5
5242,275.3
5243,206.5
5244,275.3
5245,275.3
5246,275.3
5247,275.3
5248,275.3
5249,275.3
5250,275.3
5251,275.3
5252,275.3
5253,275.3
5254,275.3
5255,275.3
5256,275.3
5257,275.3
5258,275.3
5259,275.3
5260,275.3
5261,275.3
5262,275.3
5263,275.3
5264,275.3
5265,344.1
5266,275.3
5267,309.7
5268,275.3
5269,275.3
5270,275.3
5271,275.3
5272,275.3
5273,275.3
5274,275.3
5275,275.3
5276,275.3
5277,275.3
5278,275.3
5279,275.3
5280,275.3
5281,275.3
5282,275.3
5283,275.3
5284,275.3
5285,275.3
5286,275.3
5287,275.3
5288,275.3
5289,275.3
5290,275.3
5291,275.3
5292,275.3
5293,275.3
5294,275.3
5295,275.3
5296,275.3
5297,309.7
5298,206.5
5299,275.3
5300,275.3
5301,275.3
5302,206.5
5303,275.3
5304,206.5
5305,206.5
5306,275.3
5307,275.3
5308,206.5
5309,275.3
5310,206.5
5311,275.3
5312,309.7
5313,275.3
5314,275.3
5315,275.3
5316,275.3
5317,206.5
5318,309.7
5319,275.3
5320,275.3
5321,275.3
5322,206.5
5323,275.3
5324,309.7
5325,275.3
5326,275.3
5327,275.3
5328,206.5
5329,275.3
5330,344.1
5331,309.7
5332,275.3
5333,309.7
5334,275.3
5335,275.3
5336,275.3
5337,309.7
5338,309.7
5339,309.7
5340,275.3
5341,275.3
5342,275.3
5343,275.3
5344,275.3
5345,309.7
5346,275.3
5347,275.3
5348,206.5
5349,275.3
5350,309.7
5351,275.3
5352,275.3
5353,275.3
5354,206.5
5355,206.5
5356,206.5
5357,206.5
5358,275.3
5359,206.5
5360,206.5
5361,206.5
5362,275.3
5363,275.3
5364,275.3
5365,309.7
5366,275.3
5367,275.3
5368,275.3
5369,309.7
5370,275.3
5371,275.3
5372,275.3
5373,309.7
5374,275.3
5375,309.7
5376,309.7
5377,275.3
5378,206.5
5379,309.7
5380,309.7
5381,275.3
5382,309.7
5383,275.3
5384,206.5
5385,275.3
5386,275.3
5387,206.5
5388,206.5
5389,275.3
5390,275.3
5391,275.3
5392,206.5
5393,206.5
5394,206.5
5395,275.3
5396,206.5
5397,275.3
5398,206.5
5399,275.3
5400,344.1
5401,275.3
5402,344.1
5403,344.1
5404,206.5
5405,206.5
5406,275.3
5407,206.5
5408,275.3
5409,206.5
5410,206.5
5411,309.7
5412,309.7
5413,275.3
5414,275.3
5415,275.3
5416,275.3
5417,275.3
5418,309.7
5419,275.3
5420,344.1
5421,344.1
5422,309.7
5423,309.7
5424,309.7
5425,309.7
5426,275.3
5427,275.3
5428,275.3
5429,275.3
5430,275.3
5431,275.3
5432,275.3
5433,275.3
5434,275.3
5435,275.3
5436,275.3
5437,309.7
5438,309.7
5439,275.3
5440,309.7
5441,275.3
5442,275.3
5443,309.7
5444,344.1
5445,309.7
5446,275.3
5447,275.3
5448,275.3
5449,275.3
5450,275.3
5451,275.3
5452,309.7
5453,275.3
5454,275.3
5455,275.3
5456,275.3
5457,275.3
5458,275.3
5459,275.3
5460,309.7
5461,309.7
5462,309.7
5463,275.3
5464,309.7
5465,275.3
5466,275.3
5467,275.3
5468,344.1
5469,275.3
5470,275.3
5471,275.3
5472,275.3
5473,275.3
5474,275.3
5475,275.3
5476,275.3
5477,275.3
5478,275.3
5479,275.3
5480,275.3
5481,275.3
5482,275.3
5483,275.3
5484,275.3
5485,275.3
5486,275.3
5487,275.3
5488,275.3
5489,206.5
5490,275.3
5491,275.3
5492,275.3
5493,275.3
5494,309.7
5495,275.3
5496,275.3
5497,275.3
5498,275.3
5499,275.3
5500,275.3
5501,275.3
5502,275.3
5503,206.5
5504,275.3
5505,275.3
5506,275.3
5507,275.3
5508,275.3
5509,275.3
5510,275.3
5511,275.3
5512,275.3
5513,275.3
5514,309.7
5515,275.3
5516,309.7
5517,275.3
5518,275.3
5519,275.3
5520,275.3
5521,275.3
5522,275.3
5523,275.3
5524,275.3
5525,275.3
5526,206.5
5527,206.5
5528,275.3
5529,275.3
5530,275.3
5531,275.3
5532,275.3
5533,275.3
5534,206.5
5535,275.3
5536,275.3
5537,275.3
5538,275.3
5539,275.3
5540,206.5
5541,275.3
5542,275.3
5543,275.3
5544,275.3
5545,206.5
5546,275.3
5547,309.7
5548,275.3
5549,275.3
5550,275.3
5551,275.3
5552,275.3
5553,275.3
5554,206.5
5555,275.3
5556,275.3
5557,275.3
5558,275.3
5559,275.3
5560,275.3
5561,275.3
5562,275.3
5563,275.3
5564,275.3
5565,275.3
5566,275.3
5567,275.3
5568,275.3
5569,275.3
5570,206.5
5571,275.3
5572,309.7
5573,275.3
5574,275.3
5575,275.3
5576,275.3
5577,275.3
5578,275.3
5579,275.3
5580,275.3
5581,275.3
5582,275.3
5583,275.3
5584,275.3
5585,275.3
5586,275.3
5587,275.3
5588,275.3
5589,275.3
5590,275.3
5591,275.3
5592,275.3
5593,275.3
5594,275.3
5595,275.3
5596,275.3
5597,275.3
5598,275.3
5599,275.3
5600,344.1
5601,344.1
5602,344.1
5603,412.9
5604,344.1
5605,344.1
5606,344.1
5607,344.1
5608,344.1
5609,344.1
5610,344.1
5611,344.1
5612,344.1
5613,344.1
5614,412.9
5615,412.9
5616,344.1
5617,344.1
5618,344.1
5619,344.1
5620,344.1
5621,344.1
5622,344.1
5623,344.1
5624,412.9
5625,344.1
5626,412.9
5627,412.9
5628,344.1
5629,412.9
5630,412.9
5631,412.9
5632,412.9
5633,412.9
5634,412.9
5635,458.8
5636,412.9
5637,412.9
5638,412.9
5639,412.9
5640,344.1
5641,344.1
5642,344.1
5643,344.1
5644,412.9
5645,344.1
5646,344.1
5647,412.9
5648,412.9
5649,412.9
5650,412.9
5651,412.9
5652,412.9
5653,412.9
5654,412.9
5655,412.9
5656,344.1
5657,344.1
5658,344.1
5659,412.9
5660,344.1
5661,412.9
5662,412.9
5663,412.9
5664,344.1
5665,412.9
5666,412.9
5667,412.9
5668,412.9
5669,412.9
5670,344.1
5671,344.1
5672,344.1
5673,344.1
5674,344.1
5675,344.1
5676,412.9
5677,412.9
5678,344.1
5679,344.1
5680,344.1
5681,344.1
5682,412.9
5683,344.1
5684,344.1
5685,344.1
5686,344.1
5687,344.1
5688,412.9
5689,344.1
5690,344.1
5691,412.9
5692,412.9
5693,412.9
5694,412.9
5695,344.1
5696,344.1
5697,412.9
5698,412.9
5699,412.9
5700,412.9
5701,458.8
5702,412.9
5703,412.9
5704,458.8
5705,344.1
5706,412.9
5707,412.9
5708,344.1
5709,344.1
5710,412.9
5711,412.9
5712,344.1
5713,344.1
5714,412.9
5715,344.1
5716,344.1
5717,412.9
5718,412.9
5719,412.9
5720,412.9
5721,412.9
5722,412.9
5723,412.9
5724,412.9
5725,344.1
5726,412.9
5727,412.9
5728,412.9
5729,412.9
5730,412.9
5731,344.1
5732,344.1
5733,344.1
5734,412.9
5735,412.9
5736,458.8
5737,458.8
5738,458.8
5739,458.8
5740,458.8
5741,458.8
5742,458.8
5743,458.8
5744,458.8
5745,458.8
5746,458.8
5747,458.8
5748,458.8
5749,458.8
5750,458.8
5751,458.8
5752,458.8
5753,458.8
5754,458.8
5755,458.8
5756,458.8
5757,458.8
5758,458.8
5759,458.8
5760,458.8
5761,458.8
5762,458.8
5763,458.8
5764,458.8
5765,458.8
5766,458.8
5767,458.8
5768,458.8
5769,458.8
5770,458.8
5771,458.8
5772,516.2
5773,458.8
5774,458.8
5775,458.8
5776,458.8
5777,458.8
5778,458.8
5779,458.8
5780,458.8
5781,458.8
5782,458.8
5783,458.8
5784,516.2
5785,458.8
5786,458.8
5787,458.8
5788,458.8
5789,458.8
5790,458.8
5791,458.8
5792,458.8
5793,458.8
5794,516.2
5795,458.8
5796,458.8
5797,458.8
5798,458.8
5799,458.8
5800,458.8
5801,458.8
5802,458.8
5803,458.8
5804,458.8
5805,458.8
5806,458.8
5807,412.9
5808,412.9
5809,458.8
5810,458.8
5811,458.8
5812,458.8
5813,458.8
5814,458.8
5815,458.8
5816,458.8
5817,458.8
5818,412.9
5819,458.8
5820,458.8
5821,458.8
5822,412.9
5823,458.8
5824,458.8
5825,458.8
5826,458.8
5827,412.9
5828,412.9
5829,458.8
5830,458.8
5831,458.8
5832,458.8
5833,458.8
5834,458.8
5835,412.9
5836,412.9
5837,458.8
5838,412.9
5839,458.8
5840,412.9
5841,458.8
5842,458.8
5843,458.8
5844,458.8
5845,458.8
5846,458.8
5847,458.8
5848,412.9
5849,458.8
5850,412.9
5851,458.8
5852,412.9
5853,412.9
5854,412.9
5855,412.9
5856,458.8
5857,458.8
5858,458.8
5859,412.9
5860,458.8
5861,458.8
5862,458.8
5863,458.8
5864,412.9
5865,458.8
5866,458.8
5867,458.8
5868,412.9
5869,412.9
5870,412.9
5871,309.7
5872,309.7
5873,344.1
5874,309.7
5875,309.7
5876,344.1
5877,309.7
5878,344.1
5879,309.7
5880,344.1
5881,309.7
5882,309.7
5883,309.7
5884,344.1
5885,275.3
5886,344.1
5887,275.3
5888,344.1
5889,344.1
5890,344.1
5891,344.1
5892,309.7
5893,309.7
5894,344.1
5895,309.7
5896,309.7
5897,309.7
5898,344.1
5899,309.7
5900,309.7
5901,344.1
5902,309.7
5903,309.7
5904,344.1
5905,309.7
5906,309.7
5907,309.7
5908,309.7
5909,309.7
5910,309.7
5911,309.7
5912,344.1
5913,309.7
5914,309.7
5915,309.7
5916,309.7
5917,309.7
5918,275.3
5919,309.7
5920,309.7
5921,309.7
5922,309.7
5923,344.1
5924,309.7
5925,275.3
5926,309.7
5927,275.3
5928,309.7
5929,275.3
5930,309.7
5931,309.7
5932,344.1
5933,309.7
5934,309.7
5935,344.1
5936,309.7
5937,309.7
5938,309.7
5939,344.1
5940,344.1
5941,344.1
5942,344.1
5943,344.1
5944,344.1
5945,344.1
5946,309.7
5947,344.1
5948,344.1
5949,309.7
5950,344.1
5951,344.1
5952,344.1
5953,344.1
5954,344.1
5955,309.7
5956,344.1
5957,309.7
5958,309.7
5959,309.7
5960,309.7
5961,344.1
5962,344.1
5963,309.7
5964,344.1
5965,344.1
5966,344.1
5967,344.1
5968,344.1
5969,344.1
5970,344.1
5971,344.1
5972,344.1
5973,344.1
5974,344.1
5975,412.9
5976,344.1
5977,344.1
5978,344.1
5979,344.1
5980,309.7
5981,344.1
5982,344.1
5983,344.1
5984,309.7
5985,344.1
5986,344.1
5987,344.1
5988,344.1
5989,309.7
5990,309.7
5991,309.7
5992,344.1
5993,344.1
5994,344.1
5995,344.1
5996,344.1
5997,344.1
5998,344.1
5999,344.1
6000,344.1
6001,344.1
6002,344.1
6003,309.7
6004,344.1
6005,344.1
6006,344.1
6007,309.7
6008,309.7
6009,344.1
6010,344.1
6011,344.1
6012,309.7
6013,309.7
6014,344.1
6015,344.1
6016,309.7
6017,309.7
6018,344.1
6019,344.1
6020,309.7
6021,309.7
6022,275.3
6023,275.3
6024,309.7
6025,309.7
6026,309.7
6027,309.7
6028,309.7
6029,275.3
6030,309.7
6031,309.7
6032,309.7
6033,309.7
6034,309.7
6035,275.3
6036,309.7
6037,309.7
6038,309.7
6039,309.7
6040,309.7
6041,309.7
6042,309.7
6043,309.7
6044,309.7
6045,309.7
6046,309.7
6047,309.7
6048,309.7
6049,309.7
6050,309.7
6051,309.7
6052,309.7
6053,275.3
6054,309.7
6055,309.7
6056,309.7
6057,309.7
6058,309.7
6059,309.7
6060,309.7
6061,309.7
6062,309.7
6063,309.7
6064,309.7
6065,309.7
6066,309.7
6067,309.7
6068,309.7
6069,275.3
6070,309.7
6071,309.7
6072,309.7
6073,309.7
6074,309.7
6075,309.7
6076,309.7
6077,309.7
6078,309.7
6079,309.7
6080,275.3
6081,309.7
6082,309.7
6083,309.7
6084,309.7
6085,275.3
6086,309.7
6087,309.7
6088,309.7
6089,309.7
6090,275.3
6091,309.7
6092,344.1
6093,309.7
6094,309.7
6095,309.7
6096,275.3
6097,309.7
6098,309.7
6099,309.7
6100,309.7
6101,275.3
6102,275.3
6103,206.5
6104,275.3
6105,206.5
6106,275.3
6107,275.3
6108,275.3
6109,275.3
6110,275.3
6111,275.3
6112,275.3
6113,275.3
6114,275.3
6115,206.5
6116,275.3
6117,206.5
6118,275.3
6119,206.5
6120,275.3
6121,275.3
6122,275.3
6123,275.3
6124,206.5
6125,206.5
6126,275.3
6127,275.3
6128,275.3
6129,206.5
6130,275.3
6131,206.5
6132,275.3
6133,275.3
6134,275.3
6135,275.3
6136,206.5
6137,206.5
6138,275.3
6139,206.5
6140,206.5
6141,275.3
6142,275.3
6143,206.5
6144,275.3
6145,275.3
6146,206.5
6147,206.5
6148,275.3
6149,275.3
6150,275.3
6151,275.3
6152,206.5
6153,206.5
6154,206.5
6155,275.3
6156,275.3
6157,206.5
6158,206.5
6159,206.5
6160,206.5
6161,275.3
6162,206.5
6163,206.5
6164,206.5
6165,275.3
6166,206.5
6167,206.5
6168,275.3
6169,206.5
6170,275.3
6171,206.5
6172,275.3
6173,206.5
6174,275.3
6175,206.5
6176,275.3
6177,275.3
6178,275.3
6179,275.3
6180,275.3
6181,275.3
6182,275.3
6183,309.7
6184,275.3
6185,275.3
6186,275.3
6187,275.3
6188,275.3
6189,275.3
6190,275.3
6191,206.5
6192,206.5
6193,275.3
6194,206.5
6195,206.5
6196,206.5
6197,206.5
6198,206.5
6199,206.5
6200,275.3
6201,206.5
6202,206.5
6203,206.5
6204,206.5
6205,206.5
6206,206.5
6207,206.5
6208,206.5
6209,206.5
6210,309.7
6211,206.5
6212,275.3
6213,206.5
6214,206.5
6215,206.5
6216,206.5
6217,206.5
6218,206.5
6219,206.5
6220,206.5
6221,206.5
6222,275.3
6223,275.3
6224,206.5
6225,206.5
6226,206.5
6227,206.5
6228,206.5
6229,275.3
6230,206.5
6231,206.5
6232,206.5
6233,206.5
6234,206.5
6235,206.5
6236,275.3
6237,275.3
6238,206.5
6239,206.5
6240,206.5
6241,206.5
6242,275.3
6243,206.5
6244,206.5
6245,206.5
6246,206.5
6247,206.5
6248,206.5
6249,206.5
6250,275.3
6251,206.5
6252,206.5
6253,206.5
6254,206.5
6255,206.5
6256,275.3
6257,275.3
6258,275.3
6259,275.3
6260,275.3
6261,206.5
6262,206.5
6263,206.5
6264,206.5
6265,206.5
6266,275.3
6267,206.5
6268,275.3
6269,275.3
6270,206.5
6271,206.5
6272,275.3
6273,275.3
6274,206.5
6275,206.5
6276,275.3
6277,206.5
6278,206.5
6279,206.5
6280,206.5
6281,206.5
6282,206.5
6283,275.3
6284,206.5
6285,206.5
6286,206.5
6287,206.5
6288,275.3
6289,206.5
6290,206.5
6291,206.5
6292,206.5
6293,206.5
6294,206.5
6295,206.5
6296,206.5
6297,206.5
6298,206.5
6299,206.5
6300,206.5
6301,206.5
6302,206.5
6303,206.5
6304,206.5
6305,206.5
6306,206.5
6307,206.5
6308,206.5
6309,206.5
6310,206.5
6311,206.5
6312,206.5
6313,275.3
6314,206.5
6315,206.5
6316,206.5
6317,275.3
6318,275.3
6319,275.3
6320,275.3
6321,275.3
6322,275.3
6323,275.3
6324,275.3
6325,275.3
6326,206.5
6327,275.3
6328,275.3
6329,206.5
6330,275.3
6331,275.3
6332,275.3
6333,309.7
6334,275.3
6335,275.3
6336,275.3
6337,275.3
6338,275.3
6339,275.3
6340,275.3
6341,275.3
6342,275.3
6343,275.3
6344,275.3
6345,275.3
6346,275.3
6347,275.3
6348,275.3
6349,275.3
6350,275.3
6351,275.3
6352,275.3
6353,275.3
6354,275.3
6355,275.3
6356,275.3
6357,275.3
6358,275.3
6359,309.7
6360,275.3
6361,275.3
6362,275.3
6363,275.3
6364,275.3
6365,275.3
6366,275.3
6367,275.3
6368,275.3
6369,275.3
6370,275.3
6371,275.3
6372,275.3
6373,275.3
6374,275.3
6375,275.3
6376,275.3
6377,275.3
6378,206.5
6379,206.5
6380,206.5
6381,206.5
6382,206.5
6383,206.5
6384,206.5
6385,206.5
6386,206.5
6387,206.5
6388,206.5
6389,206.5
6390,206.5
6391,206.5
6392,206.5
6393,206.5
6394,206.5
6395,206.5
6396,206.5
6397,206.5
6398,206.5
6399,206.5
6400,206.5
6401,206.5
6402,206.5
6403,206.5
6404,206.5
6405,206.5
6406,206.5
6407,206.5
6408,206.5
6409,206.5
6410,206.5
6411,206.5
6412,206.5
6413,206.5
6414,206.5
6415,206.5
6416,206.5
6417,206.5
6418,206.5
6419,206.5
6420,206.5
6421,206.5
6422,206.5
6423,206.5
6424,206.5
6425,206.5
6426,206.5
6427,206.5
6428,206.5
6429,206.5
6430,309.7
6431,344.1
6432,344.1
6433,309.7
6434,344.1
6435,344.1
6436,344.1
6437,344.1
6438,344.1
6439,344.1
6440,344.1
6441,344.1
6442,344.1
6443,344.1
6444,344.1
6445,412.9
6446,344.1
6447,275.3
6448,344.1
6449,344.1
6450,344.1
6451,344.1
6452,309.7
6453,309.7
6454,412.9
6455,344.1
6456,344.1
6457,344.1
6458,344.1
6459,344.1
6460,344.1
6461,344.1
6462,344.1
6463,344.1
6464,344.1
6465,344.1
6466,344.1
6467,412.9
6468,344.1
6469,344.1
6470,344.1
6471,344.1
6472,344.1
6473,344.1
6474,412.9
6475,458.8
6476,412.9
6477,344.1
6478,344.1
6479,412.9
6480,344.1
6481,412.9
6482,344.1
6483,344.1
6484,344.1
6485,412.9
6486,344.1
6487,344.1
6488,344.1
6489,344.1
6490,344.1
6491,344.1
6492,344.1
6493,344.1
6494,344.1
6495,344.1
